#-----------------------------------------------------------
# Vivado v2025.2 (64-bit)
# SW Build 6299465 on Fri Nov 14 19:35:11 GMT 2025
# IP Build 6300035 on Fri Nov 14 10:48:45 MST 2025
# SharedData Build 6298862 on Thu Nov 13 04:50:51 MST 2025
# Start of session at: Wed May 13 13:24:35 2026
# Process ID         : 20752
# Current directory  : C:/Users/raiab/Downloads/vivado_projects/project
# Command line       : vivado.exe -gui_launcher_event rodinguilauncherevent9056 C:\Users\raiab\Downloads\vivado_projects\project\project.xpr
# Log file           : C:/Users/raiab/Downloads/vivado_projects/project/vivado.log
# Journal file       : C:/Users/raiab/Downloads/vivado_projects/project\vivado.jou
# Running On         : DESKTOP-9D5FDM5
# Platform           : Windows Server 2016 or Windows 10
# Operating System   : 26200
# Processor Detail   : 11th Gen Intel(R) Core(TM) i5-1135G7 @ 2.40GHz
# CPU Frequency      : 2419 MHz
# CPU Physical cores : 4
# CPU Logical cores  : 8
# Host memory        : 8311 MB
# Swap memory        : 13958 MB
# Total Virtual      : 22270 MB
# Available Virtual  : 14462 MB
#-----------------------------------------------------------
start_gui
open_project C:/Users/raiab/Downloads/vivado_projects/project/project.xpr
WARNING: [Board 49-26] cannot add Board Part xilinx.com:emb-plus-vpr-4616:part0:1.0 available at C:/AMDDesignTools/.xinstall/2025.2/data/xhub/boards\XilinxBoardStore\boards\Xilinx\emb-plus-vpr-4616\1.0\board.xml as part xcve2302-sfva784-2mp-e-s specified in board_part file is either invalid or not available
WARNING: [Board 49-26] cannot add Board Part xilinx.com:emb-plus-vpr-4616:part0:1.1 available at C:/AMDDesignTools/.xinstall/2025.2/data/xhub/boards\XilinxBoardStore\boards\Xilinx\emb-plus-vpr-4616\1.1\board.xml as part xcve2302-sfva784-2mp-e-s specified in board_part file is either invalid or not available
WARNING: [Board 49-26] cannot add Board Part xilinx.com:k24c:part0:1.0 available at C:/AMDDesignTools/.xinstall/2025.2/data/xhub/boards\XilinxBoardStore\boards\Xilinx\k24c\1.0\board.xml as part xck24-ubva530-2lv-c specified in board_part file is either invalid or not available
WARNING: [Board 49-26] cannot add Board Part xilinx.com:k24c:part0:1.1 available at C:/AMDDesignTools/.xinstall/2025.2/data/xhub/boards\XilinxBoardStore\boards\Xilinx\k24c\1.1\board.xml as part xck24-ubva530-2lv-c specified in board_part file is either invalid or not available
WARNING: [Board 49-26] cannot add Board Part xilinx.com:k24i:part0:1.0 available at C:/AMDDesignTools/.xinstall/2025.2/data/xhub/boards\XilinxBoardStore\boards\Xilinx\k24i\1.0\board.xml as part xck24-ubva530-2lvi-i specified in board_part file is either invalid or not available
WARNING: [Board 49-26] cannot add Board Part xilinx.com:k26c:part0:1.2 available at C:/AMDDesignTools/.xinstall/2025.2/data/xhub/boards\XilinxBoardStore\boards\Xilinx\k26c\1.2\board.xml as part xck26-sfvc784-2lv-c specified in board_part file is either invalid or not available
WARNING: [Board 49-26] cannot add Board Part xilinx.com:k26c:part0:1.3 available at C:/AMDDesignTools/.xinstall/2025.2/data/xhub/boards\XilinxBoardStore\boards\Xilinx\k26c\1.3\board.xml as part xck26-sfvc784-2lv-c specified in board_part file is either invalid or not available
WARNING: [Board 49-26] cannot add Board Part xilinx.com:k26c:part0:1.4 available at C:/AMDDesignTools/.xinstall/2025.2/data/xhub/boards\XilinxBoardStore\boards\Xilinx\k26c\1.4\board.xml as part xck26-sfvc784-2lv-c specified in board_part file is either invalid or not available
WARNING: [Board 49-26] cannot add Board Part xilinx.com:k26i:part0:1.2 available at C:/AMDDesignTools/.xinstall/2025.2/data/xhub/boards\XilinxBoardStore\boards\Xilinx\k26i\1.2\board.xml as part xck26-sfvc784-2lvi-i specified in board_part file is either invalid or not available
WARNING: [Board 49-26] cannot add Board Part xilinx.com:k26i:part0:1.3 available at C:/AMDDesignTools/.xinstall/2025.2/data/xhub/boards\XilinxBoardStore\boards\Xilinx\k26i\1.3\board.xml as part xck26-sfvc784-2lvi-i specified in board_part file is either invalid or not available
WARNING: [Board 49-26] cannot add Board Part xilinx.com:k26i:part0:1.4 available at C:/AMDDesignTools/.xinstall/2025.2/data/xhub/boards\XilinxBoardStore\boards\Xilinx\k26i\1.4\board.xml as part xck26-sfvc784-2lvi-i specified in board_part file is either invalid or not available
WARNING: [Board 49-26] cannot add Board Part xilinx.com:kc705:part0:1.6 available at C:/AMDDesignTools/.xinstall/2025.2/data/xhub/boards\XilinxBoardStore\boards\Xilinx\kc705\1.6\board.xml as part xc7k325tffg900-2 specified in board_part file is either invalid or not available
WARNING: [Board 49-26] cannot add Board Part xilinx.com:kc705:part0:1.7 available at C:/AMDDesignTools/.xinstall/2025.2/data/xhub/boards\XilinxBoardStore\boards\Xilinx\kc705\1.7\board.xml as part xc7k325tffg900-2 specified in board_part file is either invalid or not available
WARNING: [Board 49-26] cannot add Board Part xilinx.com:kcu105:part0:1.6 available at C:/AMDDesignTools/.xinstall/2025.2/data/xhub/boards\XilinxBoardStore\boards\Xilinx\kcu105\1.6\board.xml as part xcku040-ffva1156-2-e specified in board_part file is either invalid or not available
WARNING: [Board 49-26] cannot add Board Part xilinx.com:kcu105:part0:1.7 available at C:/AMDDesignTools/.xinstall/2025.2/data/xhub/boards\XilinxBoardStore\boards\Xilinx\kcu105\1.7\board.xml as part xcku040-ffva1156-2-e specified in board_part file is either invalid or not available
WARNING: [Board 49-26] cannot add Board Part xilinx.com:kcu116:part0:1.4 available at C:/AMDDesignTools/.xinstall/2025.2/data/xhub/boards\XilinxBoardStore\boards\Xilinx\kcu116\1.4\board.xml as part xcku5p-ffvb676-2-e specified in board_part file is either invalid or not available
WARNING: [Board 49-26] cannot add Board Part xilinx.com:kcu116:part0:1.5 available at C:/AMDDesignTools/.xinstall/2025.2/data/xhub/boards\XilinxBoardStore\boards\Xilinx\kcu116\1.5\board.xml as part xcku5p-ffvb676-2-e specified in board_part file is either invalid or not available
WARNING: [Board 49-26] cannot add Board Part xilinx.com:kcu1500:part0:1.2 available at C:/AMDDesignTools/.xinstall/2025.2/data/xhub/boards\XilinxBoardStore\boards\Xilinx\kcu1500\1.2\board.xml as part xcku115-flvb2104-2-e specified in board_part file is either invalid or not available
WARNING: [Board 49-26] cannot add Board Part xilinx.com:kd240_som:part0:1.0 available at C:/AMDDesignTools/.xinstall/2025.2/data/xhub/boards\XilinxBoardStore\boards\Xilinx\kd240_som\1.0\board.xml as part xck24-ubva530-2lv-c specified in board_part file is either invalid or not available
WARNING: [Board 49-26] cannot add Board Part xilinx.com:kd240_som:part0:1.1 available at C:/AMDDesignTools/.xinstall/2025.2/data/xhub/boards\XilinxBoardStore\boards\Xilinx\kd240_som\1.1\board.xml as part xck24-ubva530-2lv-c specified in board_part file is either invalid or not available
WARNING: [Board 49-26] cannot add Board Part xilinx.com:kr260_som:part0:1.0 available at C:/AMDDesignTools/.xinstall/2025.2/data/xhub/boards\XilinxBoardStore\boards\Xilinx\kr260_som\1.0\board.xml as part xck26-sfvc784-2lv-c specified in board_part file is either invalid or not available
WARNING: [Board 49-26] cannot add Board Part xilinx.com:kr260_som:part0:1.1 available at C:/AMDDesignTools/.xinstall/2025.2/data/xhub/boards\XilinxBoardStore\boards\Xilinx\kr260_som\1.1\board.xml as part xck26-sfvc784-2lv-c specified in board_part file is either invalid or not available
WARNING: [Board 49-26] cannot add Board Part xilinx.com:kv260_som:part0:1.2 available at C:/AMDDesignTools/.xinstall/2025.2/data/xhub/boards\XilinxBoardStore\boards\Xilinx\kv260_som\1.2\board.xml as part xck26-sfvc784-2lv-c specified in board_part file is either invalid or not available
WARNING: [Board 49-26] cannot add Board Part xilinx.com:kv260_som:part0:1.3 available at C:/AMDDesignTools/.xinstall/2025.2/data/xhub/boards\XilinxBoardStore\boards\Xilinx\kv260_som\1.3\board.xml as part xck26-sfvc784-2lv-c specified in board_part file is either invalid or not available
WARNING: [Board 49-26] cannot add Board Part xilinx.com:kv260_som:part0:1.4 available at C:/AMDDesignTools/.xinstall/2025.2/data/xhub/boards\XilinxBoardStore\boards\Xilinx\kv260_som\1.4\board.xml as part xck26-sfvc784-2lv-c specified in board_part file is either invalid or not available
WARNING: [Board 49-26] cannot add Board Part xilinx.com:scu35:part0:1.0 available at C:/AMDDesignTools/.xinstall/2025.2/data/xhub/boards\XilinxBoardStore\boards\Xilinx\scu35\1.0\board.xml as part xcsu35p-sbvb625-2-e specified in board_part file is either invalid or not available
WARNING: [Board 49-26] cannot add Board Part xilinx.com:v80:part0:1.0 available at C:/AMDDesignTools/.xinstall/2025.2/data/xhub/boards\XilinxBoardStore\boards\Xilinx\v80\1.0\board.xml as part xcv80-lsva4737-2mhp-e-s specified in board_part file is either invalid or not available
WARNING: [Board 49-26] cannot add Board Part xilinx.com:vc707:part0:1.4 available at C:/AMDDesignTools/.xinstall/2025.2/data/xhub/boards\XilinxBoardStore\boards\Xilinx\vc707\1.4\board.xml as part xc7vx485tffg1761-2 specified in board_part file is either invalid or not available
WARNING: [Board 49-26] cannot add Board Part xilinx.com:vc707:part0:1.5 available at C:/AMDDesignTools/.xinstall/2025.2/data/xhub/boards\XilinxBoardStore\boards\Xilinx\vc707\1.5\board.xml as part xc7vx485tffg1761-2 specified in board_part file is either invalid or not available
WARNING: [Board 49-26] cannot add Board Part xilinx.com:vc709:part0:1.8 available at C:/AMDDesignTools/.xinstall/2025.2/data/xhub/boards\XilinxBoardStore\boards\Xilinx\vc709\1.8\board.xml as part xc7vx690tffg1761-2 specified in board_part file is either invalid or not available
WARNING: [Board 49-26] cannot add Board Part xilinx.com:vck190:part0:2.2 available at C:/AMDDesignTools/.xinstall/2025.2/data/xhub/boards\XilinxBoardStore\boards\Xilinx\vck190\production\2.2\board.xml as part xcvc1902-vsva2197-2mp-e-s specified in board_part file is either invalid or not available
WARNING: [Board 49-26] cannot add Board Part xilinx.com:vck190:part0:3.0 available at C:/AMDDesignTools/.xinstall/2025.2/data/xhub/boards\XilinxBoardStore\boards\Xilinx\vck190\production\3.0\board.xml as part xcvc1902-vsva2197-2mp-e-s specified in board_part file is either invalid or not available
WARNING: [Board 49-26] cannot add Board Part xilinx.com:vck190:part0:3.1 available at C:/AMDDesignTools/.xinstall/2025.2/data/xhub/boards\XilinxBoardStore\boards\Xilinx\vck190\production\3.1\board.xml as part xcvc1902-vsva2197-2mp-e-s specified in board_part file is either invalid or not available
WARNING: [Board 49-26] cannot add Board Part xilinx.com:vck190:part0:3.2 available at C:/AMDDesignTools/.xinstall/2025.2/data/xhub/boards\XilinxBoardStore\boards\Xilinx\vck190\production\3.2\board.xml as part xcvc1902-vsva2197-2mp-e-s specified in board_part file is either invalid or not available
WARNING: [Board 49-26] cannot add Board Part xilinx.com:vck190:part0:3.3 available at C:/AMDDesignTools/.xinstall/2025.2/data/xhub/boards\XilinxBoardStore\boards\Xilinx\vck190\production\3.3\board.xml as part xcvc1902-vsva2197-2mp-e-s specified in board_part file is either invalid or not available
WARNING: [Board 49-26] cannot add Board Part xilinx.com:vck190:part0:3.4 available at C:/AMDDesignTools/.xinstall/2025.2/data/xhub/boards\XilinxBoardStore\boards\Xilinx\vck190\production\3.4\board.xml as part xcvc1902-vsva2197-2mp-e-s specified in board_part file is either invalid or not available
WARNING: [Board 49-26] cannot add Board Part xilinx.com:vck190_newl:part0:1.0 available at C:/AMDDesignTools/.xinstall/2025.2/data/xhub/boards\XilinxBoardStore\boards\Xilinx\vck190_newl\production\1.0\board.xml as part xcvc1902-vsva2197-2mp-e-s specified in board_part file is either invalid or not available
WARNING: [Board 49-26] cannot add Board Part xilinx.com:vck190_newl:part0:1.1 available at C:/AMDDesignTools/.xinstall/2025.2/data/xhub/boards\XilinxBoardStore\boards\Xilinx\vck190_newl\production\1.1\board.xml as part xcvc1902-vsva2197-2mp-e-s specified in board_part file is either invalid or not available
WARNING: [Board 49-26] cannot add Board Part xilinx.com:vck190_newl:part0:1.2 available at C:/AMDDesignTools/.xinstall/2025.2/data/xhub/boards\XilinxBoardStore\boards\Xilinx\vck190_newl\production\1.2\board.xml as part xcvc1902-vsva2197-2mp-e-s specified in board_part file is either invalid or not available
WARNING: [Board 49-26] cannot add Board Part xilinx.com:vck190_newl:part0:1.3 available at C:/AMDDesignTools/.xinstall/2025.2/data/xhub/boards\XilinxBoardStore\boards\Xilinx\vck190_newl\production\1.3\board.xml as part xcvc1902-vsva2197-2mp-e-s specified in board_part file is either invalid or not available
WARNING: [Board 49-26] cannot add Board Part xilinx.com:vcu108:part0:1.6 available at C:/AMDDesignTools/.xinstall/2025.2/data/xhub/boards\XilinxBoardStore\boards\Xilinx\vcu108\1.6\board.xml as part xcvu095-ffva2104-2-e specified in board_part file is either invalid or not available
WARNING: [Board 49-26] cannot add Board Part xilinx.com:vcu108:part0:1.7 available at C:/AMDDesignTools/.xinstall/2025.2/data/xhub/boards\XilinxBoardStore\boards\Xilinx\vcu108\1.7\board.xml as part xcvu095-ffva2104-2-e specified in board_part file is either invalid or not available
WARNING: [Board 49-26] cannot add Board Part xilinx.com:vcu110:part0:1.4 available at C:/AMDDesignTools/.xinstall/2025.2/data/xhub/boards\XilinxBoardStore\boards\Xilinx\vcu110\1.4\board.xml as part xcvu190-flgc2104-2-e specified in board_part file is either invalid or not available
WARNING: [Board 49-26] cannot add Board Part xilinx.com:vcu118:part0:2.0 available at C:/AMDDesignTools/.xinstall/2025.2/data/xhub/boards\XilinxBoardStore\boards\Xilinx\vcu118\2.0\board.xml as part xcvu9p-flga2104-2l-e specified in board_part file is either invalid or not available
WARNING: [Board 49-26] cannot add Board Part xilinx.com:vcu118:part0:2.3 available at C:/AMDDesignTools/.xinstall/2025.2/data/xhub/boards\XilinxBoardStore\boards\Xilinx\vcu118\2.3\board.xml as part xcvu9p-flga2104-2l-e specified in board_part file is either invalid or not available
WARNING: [Board 49-26] cannot add Board Part xilinx.com:vcu118:part0:2.4 available at C:/AMDDesignTools/.xinstall/2025.2/data/xhub/boards\XilinxBoardStore\boards\Xilinx\vcu118\2.4\board.xml as part xcvu9p-flga2104-2l-e specified in board_part file is either invalid or not available
WARNING: [Board 49-26] cannot add Board Part xilinx.com:vcu128:part0:1.0 available at C:/AMDDesignTools/.xinstall/2025.2/data/xhub/boards\XilinxBoardStore\boards\Xilinx\vcu128\production\1.0\board.xml as part xcvu37p-fsvh2892-2l-e specified in board_part file is either invalid or not available
WARNING: [Board 49-26] cannot add Board Part xilinx.com:vcu129:part0:1.0 available at C:/AMDDesignTools/.xinstall/2025.2/data/xhub/boards\XilinxBoardStore\boards\Xilinx\vcu129\production\1.0\board.xml as part xcvu29p-fsga2577-2l-e specified in board_part file is either invalid or not available
WARNING: [Board 49-26] cannot add Board Part xilinx.com:vcu1525:part0:1.3 available at C:/AMDDesignTools/.xinstall/2025.2/data/xhub/boards\XilinxBoardStore\boards\Xilinx\vcu1525\1.3\board.xml as part xcvu9p-fsgd2104-2l-e specified in board_part file is either invalid or not available
WARNING: [Board 49-26] cannot add Board Part xilinx.com:vek280:part0:1.0 available at C:/AMDDesignTools/.xinstall/2025.2/data/xhub/boards\XilinxBoardStore\boards\Xilinx\vek280\production\1.0\board.xml as part xcve2802-vsvh1760-2mp-e-s specified in board_part file is either invalid or not available
WARNING: [Board 49-26] cannot add Board Part xilinx.com:vek280:part0:1.1 available at C:/AMDDesignTools/.xinstall/2025.2/data/xhub/boards\XilinxBoardStore\boards\Xilinx\vek280\production\1.1\board.xml as part xcve2802-vsvh1760-2mp-e-s specified in board_part file is either invalid or not available
WARNING: [Board 49-26] cannot add Board Part xilinx.com:vek280:part0:1.2 available at C:/AMDDesignTools/.xinstall/2025.2/data/xhub/boards\XilinxBoardStore\boards\Xilinx\vek280\production\1.2\board.xml as part xcve2802-vsvh1760-2mp-e-s specified in board_part file is either invalid or not available
WARNING: [Board 49-26] cannot add Board Part xilinx.com:vek385:part0:1.0 available at C:/AMDDesignTools/.xinstall/2025.2/data/xhub/boards\XilinxBoardStore\boards\Xilinx\vek385\1.0\board.xml as part xc2ve3858-ssva2112-2mp-e-s specified in board_part file is either invalid or not available
WARNING: [Board 49-26] cannot add Board Part xilinx.com:vek385:part0:1.1 available at C:/AMDDesignTools/.xinstall/2025.2/data/xhub/boards\XilinxBoardStore\boards\Xilinx\vek385\1.1\board.xml as part xc2ve3858-ssva2112-2mp-e-s specified in board_part file is either invalid or not available
WARNING: [Board 49-26] cannot add Board Part xilinx.com:vek385_1:part0:1.0 available at C:/AMDDesignTools/.xinstall/2025.2/data/xhub/boards\XilinxBoardStore\boards\Xilinx\vek385_2\1.0\board.xml as part xc2ve3858-ssva2112-2mp-e-s specified in board_part file is either invalid or not available
WARNING: [Board 49-26] cannot add Board Part xilinx.com:vermeo_t1_mpsoc:part0:1.0 available at C:/AMDDesignTools/.xinstall/2025.2/data/xhub/boards\XilinxBoardStore\boards\Xilinx\vermeo_t1_mpsoc\1.0\board.xml as part xczu19eg-ffvd1760-2l-e specified in board_part file is either invalid or not available
WARNING: [Board 49-26] cannot add Board Part xilinx.com:vermeo_t1_rfsoc:part0:1.0 available at C:/AMDDesignTools/.xinstall/2025.2/data/xhub/boards\XilinxBoardStore\boards\Xilinx\vermeo_t1_rfsoc\1.0\board.xml as part xczu21dr-ffvd1156-2l-e specified in board_part file is either invalid or not available
WARNING: [Board 49-26] cannot add Board Part xilinx.com:vhk158:part0:1.0 available at C:/AMDDesignTools/.xinstall/2025.2/data/xhub/boards\XilinxBoardStore\boards\Xilinx\vhk158\production\1.0\board.xml as part xcvh1582-vsva3697-2mp-e-s specified in board_part file is either invalid or not available
WARNING: [Board 49-26] cannot add Board Part xilinx.com:vhk158:part0:1.1 available at C:/AMDDesignTools/.xinstall/2025.2/data/xhub/boards\XilinxBoardStore\boards\Xilinx\vhk158\production\1.1\board.xml as part xcvh1582-vsva3697-2mp-e-s specified in board_part file is either invalid or not available
WARNING: [Board 49-26] cannot add Board Part xilinx.com:vhk158:part0:1.2 available at C:/AMDDesignTools/.xinstall/2025.2/data/xhub/boards\XilinxBoardStore\boards\Xilinx\vhk158\production\1.2\board.xml as part xcvh1582-vsva3697-2mp-e-s specified in board_part file is either invalid or not available
WARNING: [Board 49-26] cannot add Board Part xilinx.com:vmk180:part0:2.2 available at C:/AMDDesignTools/.xinstall/2025.2/data/xhub/boards\XilinxBoardStore\boards\Xilinx\vmk180\production\2.2\board.xml as part xcvm1802-vsva2197-2mp-e-s specified in board_part file is either invalid or not available
WARNING: [Board 49-26] cannot add Board Part xilinx.com:vmk180:part0:3.0 available at C:/AMDDesignTools/.xinstall/2025.2/data/xhub/boards\XilinxBoardStore\boards\Xilinx\vmk180\production\3.0\board.xml as part xcvm1802-vsva2197-2mp-e-s specified in board_part file is either invalid or not available
WARNING: [Board 49-26] cannot add Board Part xilinx.com:vmk180:part0:3.1 available at C:/AMDDesignTools/.xinstall/2025.2/data/xhub/boards\XilinxBoardStore\boards\Xilinx\vmk180\production\3.1\board.xml as part xcvm1802-vsva2197-2mp-e-s specified in board_part file is either invalid or not available
WARNING: [Board 49-26] cannot add Board Part xilinx.com:vmk180:part0:3.2 available at C:/AMDDesignTools/.xinstall/2025.2/data/xhub/boards\XilinxBoardStore\boards\Xilinx\vmk180\production\3.2\board.xml as part xcvm1802-vsva2197-2mp-e-s specified in board_part file is either invalid or not available
WARNING: [Board 49-26] cannot add Board Part xilinx.com:vmk180:part0:3.3 available at C:/AMDDesignTools/.xinstall/2025.2/data/xhub/boards\XilinxBoardStore\boards\Xilinx\vmk180\production\3.3\board.xml as part xcvm1802-vsva2197-2mp-e-s specified in board_part file is either invalid or not available
WARNING: [Board 49-26] cannot add Board Part xilinx.com:vmk180_newl:part0:1.0 available at C:/AMDDesignTools/.xinstall/2025.2/data/xhub/boards\XilinxBoardStore\boards\Xilinx\vmk180_newl\production\1.0\board.xml as part xcvm1802-vsva2197-2mp-e-s specified in board_part file is either invalid or not available
WARNING: [Board 49-26] cannot add Board Part xilinx.com:vmk180_newl:part0:1.1 available at C:/AMDDesignTools/.xinstall/2025.2/data/xhub/boards\XilinxBoardStore\boards\Xilinx\vmk180_newl\production\1.1\board.xml as part xcvm1802-vsva2197-2mp-e-s specified in board_part file is either invalid or not available
WARNING: [Board 49-26] cannot add Board Part xilinx.com:vpk120:part0:1.0 available at C:/AMDDesignTools/.xinstall/2025.2/data/xhub/boards\XilinxBoardStore\boards\Xilinx\vpk120\production\1.0\board.xml as part xcvp1202-vsva2785-2mp-e-s specified in board_part file is either invalid or not available
WARNING: [Board 49-26] cannot add Board Part xilinx.com:vpk120:part0:1.1 available at C:/AMDDesignTools/.xinstall/2025.2/data/xhub/boards\XilinxBoardStore\boards\Xilinx\vpk120\production\1.1\board.xml as part xcvp1202-vsva2785-2mp-e-s specified in board_part file is either invalid or not available
WARNING: [Board 49-26] cannot add Board Part xilinx.com:vpk120:part0:1.2 available at C:/AMDDesignTools/.xinstall/2025.2/data/xhub/boards\XilinxBoardStore\boards\Xilinx\vpk120\production\1.2\board.xml as part xcvp1202-vsva2785-2mp-e-s specified in board_part file is either invalid or not available
WARNING: [Board 49-26] cannot add Board Part xilinx.com:vpk180:part0:1.0 available at C:/AMDDesignTools/.xinstall/2025.2/data/xhub/boards\XilinxBoardStore\boards\Xilinx\vpk180\production\1.0\board.xml as part xcvp1802-lsvc4072-2mp-e-s specified in board_part file is either invalid or not available
WARNING: [Board 49-26] cannot add Board Part xilinx.com:vpk180:part0:1.1 available at C:/AMDDesignTools/.xinstall/2025.2/data/xhub/boards\XilinxBoardStore\boards\Xilinx\vpk180\production\1.1\board.xml as part xcvp1802-lsvc4072-2mp-e-s specified in board_part file is either invalid or not available
WARNING: [Board 49-26] cannot add Board Part xilinx.com:vpk180:part0:1.2 available at C:/AMDDesignTools/.xinstall/2025.2/data/xhub/boards\XilinxBoardStore\boards\Xilinx\vpk180\production\1.2\board.xml as part xcvp1802-lsvc4072-2mp-e-s specified in board_part file is either invalid or not available
WARNING: [Board 49-26] cannot add Board Part xilinx.com:vrk160:part0:1.0 available at C:/AMDDesignTools/.xinstall/2025.2/data/xhub/boards\XilinxBoardStore\boards\Xilinx\vrk160\1.0\board.xml as part xcvr1602-vsva2488-2mp-e-s-es1 specified in board_part file is either invalid or not available
WARNING: [Board 49-26] cannot add Board Part xilinx.com:vrk160:part0:1.1 available at C:/AMDDesignTools/.xinstall/2025.2/data/xhub/boards\XilinxBoardStore\boards\Xilinx\vrk160\1.1\board.xml as part xcvr1602-vsva2488-2mp-e-s-es1 specified in board_part file is either invalid or not available
WARNING: [Board 49-26] cannot add Board Part xilinx.com:zc702:part0:1.4 available at C:/AMDDesignTools/.xinstall/2025.2/data/xhub/boards\XilinxBoardStore\boards\Xilinx\zc702\1.4\board.xml as part xc7z020clg484-1 specified in board_part file is either invalid or not available
WARNING: [Board 49-26] cannot add Board Part xilinx.com:zc706:part0:1.4 available at C:/AMDDesignTools/.xinstall/2025.2/data/xhub/boards\XilinxBoardStore\boards\Xilinx\zc706\1.4\board.xml as part xc7z045ffg900-2 specified in board_part file is either invalid or not available
WARNING: [Board 49-26] cannot add Board Part xilinx.com:zc706:part0:1.5 available at C:/AMDDesignTools/.xinstall/2025.2/data/xhub/boards\XilinxBoardStore\boards\Xilinx\zc706\1.5\board.xml as part xc7z045ffg900-2 specified in board_part file is either invalid or not available
WARNING: [Board 49-26] cannot add Board Part xilinx.com:zcu102:part0:3.3 available at C:/AMDDesignTools/.xinstall/2025.2/data/xhub/boards\XilinxBoardStore\boards\Xilinx\zcu102\3.3\board.xml as part xczu9eg-ffvb1156-2-e specified in board_part file is either invalid or not available
WARNING: [Board 49-26] cannot add Board Part xilinx.com:zcu102:part0:3.4 available at C:/AMDDesignTools/.xinstall/2025.2/data/xhub/boards\XilinxBoardStore\boards\Xilinx\zcu102\3.4\board.xml as part xczu9eg-ffvb1156-2-e specified in board_part file is either invalid or not available
WARNING: [Board 49-26] cannot add Board Part xilinx.com:zcu104:part0:1.1 available at C:/AMDDesignTools/.xinstall/2025.2/data/xhub/boards\XilinxBoardStore\boards\Xilinx\zcu104\1.1\board.xml as part xczu7ev-ffvc1156-2-e specified in board_part file is either invalid or not available
WARNING: [Board 49-26] cannot add Board Part xilinx.com:zcu106:part0:2.4 available at C:/AMDDesignTools/.xinstall/2025.2/data/xhub/boards\XilinxBoardStore\boards\Xilinx\zcu106\2.4\board.xml as part xczu7ev-ffvc1156-2-e specified in board_part file is either invalid or not available
WARNING: [Board 49-26] cannot add Board Part xilinx.com:zcu106:part0:2.5 available at C:/AMDDesignTools/.xinstall/2025.2/data/xhub/boards\XilinxBoardStore\boards\Xilinx\zcu106\2.5\board.xml as part xczu7ev-ffvc1156-2-e specified in board_part file is either invalid or not available
WARNING: [Board 49-26] cannot add Board Part xilinx.com:zcu106:part0:2.6 available at C:/AMDDesignTools/.xinstall/2025.2/data/xhub/boards\XilinxBoardStore\boards\Xilinx\zcu106\2.6\board.xml as part xczu7ev-ffvc1156-2-e specified in board_part file is either invalid or not available
WARNING: [Board 49-26] cannot add Board Part xilinx.com:zcu111:part0:1.2 available at C:/AMDDesignTools/.xinstall/2025.2/data/xhub/boards\XilinxBoardStore\boards\Xilinx\zcu111\1.2\board.xml as part xczu28dr-ffvg1517-2-e specified in board_part file is either invalid or not available
WARNING: [Board 49-26] cannot add Board Part xilinx.com:zcu111:part0:1.3 available at C:/AMDDesignTools/.xinstall/2025.2/data/xhub/boards\XilinxBoardStore\boards\Xilinx\zcu111\1.3\board.xml as part xczu28dr-ffvg1517-2-e specified in board_part file is either invalid or not available
WARNING: [Board 49-26] cannot add Board Part xilinx.com:zcu111:part0:1.4 available at C:/AMDDesignTools/.xinstall/2025.2/data/xhub/boards\XilinxBoardStore\boards\Xilinx\zcu111\1.4\board.xml as part xczu28dr-ffvg1517-2-e specified in board_part file is either invalid or not available
WARNING: [Board 49-26] cannot add Board Part xilinx.com:zcu1275:part0:1.0 available at C:/AMDDesignTools/.xinstall/2025.2/data/xhub/boards\XilinxBoardStore\boards\Xilinx\zcu1275\1.0\board.xml as part xczu29dr-ffvf1760-2-e specified in board_part file is either invalid or not available
WARNING: [Board 49-26] cannot add Board Part xilinx.com:zcu1285:part0:1.0 available at C:/AMDDesignTools/.xinstall/2025.2/data/xhub/boards\XilinxBoardStore\boards\Xilinx\zcu1285\1.0\board.xml as part xczu39dr-ffvf1760-2-i specified in board_part file is either invalid or not available
WARNING: [Board 49-26] cannot add Board Part xilinx.com:zcu208:part0:2.0 available at C:/AMDDesignTools/.xinstall/2025.2/data/xhub/boards\XilinxBoardStore\boards\Xilinx\zcu208\production\2.0\board.xml as part xczu48dr-fsvg1517-2-e specified in board_part file is either invalid or not available
WARNING: [Board 49-26] cannot add Board Part xilinx.com:zcu208ld:part0:2.0 available at C:/AMDDesignTools/.xinstall/2025.2/data/xhub/boards\XilinxBoardStore\boards\Xilinx\zcu208ld\production\2.0\board.xml as part xczu58dr-fsvg1517-2-i specified in board_part file is either invalid or not available
WARNING: [Board 49-26] cannot add Board Part xilinx.com:zcu216:part0:2.0 available at C:/AMDDesignTools/.xinstall/2025.2/data/xhub/boards\XilinxBoardStore\boards\Xilinx\zcu216\production\2.0\board.xml as part xczu49dr-ffvf1760-2-e specified in board_part file is either invalid or not available
WARNING: [Board 49-26] cannot add Board Part xilinx.com:zcu216ld:part0:2.0 available at C:/AMDDesignTools/.xinstall/2025.2/data/xhub/boards\XilinxBoardStore\boards\Xilinx\zcu216ld\production\2.0\board.xml as part xczu59dr-ffvf1760-2-i specified in board_part file is either invalid or not available
WARNING: [Board 49-26] cannot add Board Part xilinx.com:zcu670:part0:2.0 available at C:/AMDDesignTools/.xinstall/2025.2/data/xhub/boards\XilinxBoardStore\boards\Xilinx\zcu670\2.0\board.xml as part xczu67dr-fsve1156-2-i specified in board_part file is either invalid or not available
WARNING: [Board 49-26] cannot add Board Part xilinx.com:zcu670ld:part0:1.0 available at C:/AMDDesignTools/.xinstall/2025.2/data/xhub/boards\XilinxBoardStore\boards\Xilinx\zcu670ld\1.0\board.xml as part xczu57dr-fsve1156-2-i specified in board_part file is either invalid or not available
INFO: [filemgmt 56-3] Default IP Output Path : Could not find the directory 'C:/Users/raiab/Downloads/vivado_projects/project/project.gen/sources_1'.
Scanning sources...
Finished scanning sources
WARNING: [Board 49-26] cannot add Board Part xilinx.com:emb-plus-vpr-4616:part0:1.0 available at C:/AMDDesignTools/.xinstall/2025.2/data/xhub/boards\XilinxBoardStore\boards\Xilinx\emb-plus-vpr-4616\1.0\board.xml as part xcve2302-sfva784-2mp-e-s specified in board_part file is either invalid or not available
WARNING: [Board 49-26] cannot add Board Part xilinx.com:emb-plus-vpr-4616:part0:1.1 available at C:/AMDDesignTools/.xinstall/2025.2/data/xhub/boards\XilinxBoardStore\boards\Xilinx\emb-plus-vpr-4616\1.1\board.xml as part xcve2302-sfva784-2mp-e-s specified in board_part file is either invalid or not available
WARNING: [Board 49-26] cannot add Board Part xilinx.com:k24c:part0:1.0 available at C:/AMDDesignTools/.xinstall/2025.2/data/xhub/boards\XilinxBoardStore\boards\Xilinx\k24c\1.0\board.xml as part xck24-ubva530-2lv-c specified in board_part file is either invalid or not available
WARNING: [Board 49-26] cannot add Board Part xilinx.com:k24c:part0:1.1 available at C:/AMDDesignTools/.xinstall/2025.2/data/xhub/boards\XilinxBoardStore\boards\Xilinx\k24c\1.1\board.xml as part xck24-ubva530-2lv-c specified in board_part file is either invalid or not available
WARNING: [Board 49-26] cannot add Board Part xilinx.com:k24i:part0:1.0 available at C:/AMDDesignTools/.xinstall/2025.2/data/xhub/boards\XilinxBoardStore\boards\Xilinx\k24i\1.0\board.xml as part xck24-ubva530-2lvi-i specified in board_part file is either invalid or not available
INFO: [Common 17-14] Message 'Board 49-26' appears 100 times and further instances of the messages will be disabled. Use the Tcl command set_msg_config to change the current settings.
WARNING: [Project 1-5713] Board part '' set for the project  is not found. BoardPart property will be unset. Please select board from latest repo build 
INFO: [IP_Flow 19-234] Refreshing IP repositories
INFO: [IP_Flow 19-1704] No user IP repositories specified
INFO: [IP_Flow 19-2313] Loaded Vivado IP repository 'C:/AMDDesignTools/.xinstall/2025.2/Vivado/data/ip'.
open_project: Time (s): cpu = 00:00:23 ; elapsed = 00:00:11 . Memory (MB): peak = 1615.797 ; gain = 171.355
update_compile_order -fileset sources_1
set_property SOURCE_SET sources_1 [get_filesets sim_1]
close [ open C:/Users/raiab/Downloads/vivado_projects/project/project.srcs/sim_1/new/urat_loopback_tb.v w ]
add_files -fileset sim_1 C:/Users/raiab/Downloads/vivado_projects/project/project.srcs/sim_1/new/urat_loopback_tb.v
update_compile_order -fileset sim_1
WARNING: [filemgmt 56-199] Attempt to get parsing info during refresh. "On-the-fly" syntax checking information may be incorrect. [C:\Users\raiab\Downloads\vivado_projects\project\project.srcs\sim_1\new\urat_tb.v:]
WARNING: [filemgmt 56-199] Attempt to get parsing info during refresh. "On-the-fly" syntax checking information may be incorrect. [C:\Users\raiab\Downloads\vivado_projects\project\project.srcs\sources_1\new\urat_tx.v:]
WARNING: [filemgmt 56-199] Attempt to get parsing info during refresh. "On-the-fly" syntax checking information may be incorrect. [C:\Users\raiab\Downloads\vivado_projects\project\project.srcs\sources_1\new\urat_rx.v:]
WARNING: [filemgmt 56-199] Attempt to get parsing info during refresh. "On-the-fly" syntax checking information may be incorrect. [C:\Users\raiab\Downloads\vivado_projects\project\project.srcs\sim_1\new\urat_loopback_tb.v:]
WARNING: [filemgmt 56-199] Attempt to get parsing info during refresh. "On-the-fly" syntax checking information may be incorrect. [C:\Users\raiab\Downloads\vivado_projects\project\project.srcs\sources_1\new\urat_rx.v:]
WARNING: [filemgmt 56-199] Attempt to get parsing info during refresh. "On-the-fly" syntax checking information may be incorrect. [C:\Users\raiab\Downloads\vivado_projects\project\project.srcs\sources_1\new\urat_rx.v:]
ERROR: [Common 17-180] Spawn failed: The operation completed successfully.

WARNING: [filemgmt 56-199] Attempt to get parsing info during refresh. "On-the-fly" syntax checking information may be incorrect. [C:\Users\raiab\Downloads\vivado_projects\project\project.srcs\sim_1\new\urat_tb.v:]
WARNING: [filemgmt 56-199] Attempt to get parsing info during refresh. "On-the-fly" syntax checking information may be incorrect. [C:\Users\raiab\Downloads\vivado_projects\project\project.srcs\sources_1\new\urat_tx.v:]
WARNING: [filemgmt 56-199] Attempt to get parsing info during refresh. "On-the-fly" syntax checking information may be incorrect. [C:\Users\raiab\Downloads\vivado_projects\project\project.srcs\sources_1\new\urat_rx.v:]
WARNING: [filemgmt 56-199] Attempt to get parsing info during refresh. "On-the-fly" syntax checking information may be incorrect. [C:\Users\raiab\Downloads\vivado_projects\project\project.srcs\sim_1\new\urat_loopback_tb.v:]
WARNING: [filemgmt 56-199] Attempt to get parsing info during refresh. "On-the-fly" syntax checking information may be incorrect. [C:\Users\raiab\Downloads\vivado_projects\project\project.srcs\sim_1\new\urat_loopback_tb.v:]
WARNING: [filemgmt 56-199] Attempt to get parsing info during refresh. "On-the-fly" syntax checking information may be incorrect. [C:\Users\raiab\Downloads\vivado_projects\project\project.srcs\sim_1\new\urat_loopback_tb.v:]
WARNING: [filemgmt 56-199] Attempt to get parsing info during refresh. "On-the-fly" syntax checking information may be incorrect. [C:\Users\raiab\Downloads\vivado_projects\project\project.srcs\sim_1\new\urat_tb.v:]
WARNING: [filemgmt 56-199] Attempt to get parsing info during refresh. "On-the-fly" syntax checking information may be incorrect. [C:\Users\raiab\Downloads\vivado_projects\project\project.srcs\sources_1\new\urat_tx.v:]
WARNING: [filemgmt 56-199] Attempt to get parsing info during refresh. "On-the-fly" syntax checking information may be incorrect. [C:\Users\raiab\Downloads\vivado_projects\project\project.srcs\sources_1\new\urat_rx.v:]
WARNING: [filemgmt 56-199] Attempt to get parsing info during refresh. "On-the-fly" syntax checking information may be incorrect. [C:\Users\raiab\Downloads\vivado_projects\project\project.srcs\sim_1\new\urat_loopback_tb.v:]
WARNING: [filemgmt 56-199] Attempt to get parsing info during refresh. "On-the-fly" syntax checking information may be incorrect. [C:\Users\raiab\Downloads\vivado_projects\project\project.srcs\sources_1\new\urat_tx.v:]
WARNING: [filemgmt 56-199] Attempt to get parsing info during refresh. "On-the-fly" syntax checking information may be incorrect. [C:\Users\raiab\Downloads\vivado_projects\project\project.srcs\sources_1\new\urat_tx.v:]
ERROR: [Common 17-180] Spawn failed: The operation completed successfully.

set_property top urat_tb [get_filesets sim_1]
set_property top_lib xil_defaultlib [get_filesets sim_1]
WARNING: [filemgmt 56-199] Attempt to get parsing info during refresh. "On-the-fly" syntax checking information may be incorrect. [C:\Users\raiab\Downloads\vivado_projects\project\project.srcs\sim_1\new\urat_tb.v:]
WARNING: [filemgmt 56-199] Attempt to get parsing info during refresh. "On-the-fly" syntax checking information may be incorrect. [C:\Users\raiab\Downloads\vivado_projects\project\project.srcs\sources_1\new\urat_tx.v:]
WARNING: [filemgmt 56-199] Attempt to get parsing info during refresh. "On-the-fly" syntax checking information may be incorrect. [C:\Users\raiab\Downloads\vivado_projects\project\project.srcs\sources_1\new\urat_rx.v:]
WARNING: [filemgmt 56-199] Attempt to get parsing info during refresh. "On-the-fly" syntax checking information may be incorrect. [C:\Users\raiab\Downloads\vivado_projects\project\project.srcs\sim_1\new\urat_loopback_tb.v:]
WARNING: [filemgmt 56-199] Attempt to get parsing info during refresh. "On-the-fly" syntax checking information may be incorrect. [C:\Users\raiab\Downloads\vivado_projects\project\project.srcs\sources_1\new\urat_tx.v:]
WARNING: [filemgmt 56-199] Attempt to get parsing info during refresh. "On-the-fly" syntax checking information may be incorrect. [C:\Users\raiab\Downloads\vivado_projects\project\project.srcs\sources_1\new\urat_tx.v:]
WARNING: [filemgmt 56-199] Attempt to get parsing info during refresh. "On-the-fly" syntax checking information may be incorrect. [C:\Users\raiab\Downloads\vivado_projects\project\project.srcs\sim_1\new\urat_tb.v:]
WARNING: [filemgmt 56-199] Attempt to get parsing info during refresh. "On-the-fly" syntax checking information may be incorrect. [C:\Users\raiab\Downloads\vivado_projects\project\project.srcs\sources_1\new\urat_tx.v:]
WARNING: [filemgmt 56-199] Attempt to get parsing info during refresh. "On-the-fly" syntax checking information may be incorrect. [C:\Users\raiab\Downloads\vivado_projects\project\project.srcs\sources_1\new\urat_rx.v:]
WARNING: [filemgmt 56-199] Attempt to get parsing info during refresh. "On-the-fly" syntax checking information may be incorrect. [C:\Users\raiab\Downloads\vivado_projects\project\project.srcs\sim_1\new\urat_loopback_tb.v:]
WARNING: [filemgmt 56-199] Attempt to get parsing info during refresh. "On-the-fly" syntax checking information may be incorrect. [C:\Users\raiab\Downloads\vivado_projects\project\project.srcs\sources_1\new\urat_rx.v:]
WARNING: [filemgmt 56-199] Attempt to get parsing info during refresh. "On-the-fly" syntax checking information may be incorrect. [C:\Users\raiab\Downloads\vivado_projects\project\project.srcs\sources_1\new\urat_rx.v:]
WARNING: [filemgmt 56-199] Attempt to get parsing info during refresh. "On-the-fly" syntax checking information may be incorrect. [C:\Users\raiab\Downloads\vivado_projects\project\project.srcs\sim_1\new\urat_tb.v:]
WARNING: [filemgmt 56-199] Attempt to get parsing info during refresh. "On-the-fly" syntax checking information may be incorrect. [C:\Users\raiab\Downloads\vivado_projects\project\project.srcs\sources_1\new\urat_tx.v:]
WARNING: [filemgmt 56-199] Attempt to get parsing info during refresh. "On-the-fly" syntax checking information may be incorrect. [C:\Users\raiab\Downloads\vivado_projects\project\project.srcs\sources_1\new\urat_rx.v:]
WARNING: [filemgmt 56-199] Attempt to get parsing info during refresh. "On-the-fly" syntax checking information may be incorrect. [C:\Users\raiab\Downloads\vivado_projects\project\project.srcs\sim_1\new\urat_loopback_tb.v:]
WARNING: [filemgmt 56-199] Attempt to get parsing info during refresh. "On-the-fly" syntax checking information may be incorrect. [C:\Users\raiab\Downloads\vivado_projects\project\project.srcs\sim_1\new\urat_tb.v:]
WARNING: [filemgmt 56-199] Attempt to get parsing info during refresh. "On-the-fly" syntax checking information may be incorrect. [C:\Users\raiab\Downloads\vivado_projects\project\project.srcs\sim_1\new\urat_tb.v:]
set_property top urat_loopback_tb [get_filesets sim_1]
set_property top_lib xil_defaultlib [get_filesets sim_1]
WARNING: [filemgmt 56-199] Attempt to get parsing info during refresh. "On-the-fly" syntax checking information may be incorrect. [C:\Users\raiab\Downloads\vivado_projects\project\project.srcs\sim_1\new\urat_tb.v:]
WARNING: [filemgmt 56-199] Attempt to get parsing info during refresh. "On-the-fly" syntax checking information may be incorrect. [C:\Users\raiab\Downloads\vivado_projects\project\project.srcs\sources_1\new\urat_tx.v:]
WARNING: [filemgmt 56-199] Attempt to get parsing info during refresh. "On-the-fly" syntax checking information may be incorrect. [C:\Users\raiab\Downloads\vivado_projects\project\project.srcs\sources_1\new\urat_rx.v:]
WARNING: [filemgmt 56-199] Attempt to get parsing info during refresh. "On-the-fly" syntax checking information may be incorrect. [C:\Users\raiab\Downloads\vivado_projects\project\project.srcs\sim_1\new\urat_loopback_tb.v:]
WARNING: [filemgmt 56-199] Attempt to get parsing info during refresh. "On-the-fly" syntax checking information may be incorrect. [C:\Users\raiab\Downloads\vivado_projects\project\project.srcs\sources_1\new\urat_tx.v:]
WARNING: [filemgmt 56-199] Attempt to get parsing info during refresh. "On-the-fly" syntax checking information may be incorrect. [C:\Users\raiab\Downloads\vivado_projects\project\project.srcs\sources_1\new\urat_tx.v:]
WARNING: [filemgmt 56-199] Attempt to get parsing info during refresh. "On-the-fly" syntax checking information may be incorrect. [C:\Users\raiab\Downloads\vivado_projects\project\project.srcs\sim_1\new\urat_tb.v:]
WARNING: [filemgmt 56-199] Attempt to get parsing info during refresh. "On-the-fly" syntax checking information may be incorrect. [C:\Users\raiab\Downloads\vivado_projects\project\project.srcs\sources_1\new\urat_tx.v:]
WARNING: [filemgmt 56-199] Attempt to get parsing info during refresh. "On-the-fly" syntax checking information may be incorrect. [C:\Users\raiab\Downloads\vivado_projects\project\project.srcs\sources_1\new\urat_rx.v:]
WARNING: [filemgmt 56-199] Attempt to get parsing info during refresh. "On-the-fly" syntax checking information may be incorrect. [C:\Users\raiab\Downloads\vivado_projects\project\project.srcs\sim_1\new\urat_loopback_tb.v:]
WARNING: [filemgmt 56-199] Attempt to get parsing info during refresh. "On-the-fly" syntax checking information may be incorrect. [C:\Users\raiab\Downloads\vivado_projects\project\project.srcs\sim_1\new\urat_loopback_tb.v:]
WARNING: [filemgmt 56-199] Attempt to get parsing info during refresh. "On-the-fly" syntax checking information may be incorrect. [C:\Users\raiab\Downloads\vivado_projects\project\project.srcs\sim_1\new\urat_loopback_tb.v:]
WARNING: [filemgmt 56-199] Attempt to get parsing info during refresh. "On-the-fly" syntax checking information may be incorrect. [C:\Users\raiab\Downloads\vivado_projects\project\project.srcs\sim_1\new\urat_tb.v:]
WARNING: [filemgmt 56-199] Attempt to get parsing info during refresh. "On-the-fly" syntax checking information may be incorrect. [C:\Users\raiab\Downloads\vivado_projects\project\project.srcs\sources_1\new\urat_tx.v:]
WARNING: [filemgmt 56-199] Attempt to get parsing info during refresh. "On-the-fly" syntax checking information may be incorrect. [C:\Users\raiab\Downloads\vivado_projects\project\project.srcs\sources_1\new\urat_rx.v:]
WARNING: [filemgmt 56-199] Attempt to get parsing info during refresh. "On-the-fly" syntax checking information may be incorrect. [C:\Users\raiab\Downloads\vivado_projects\project\project.srcs\sim_1\new\urat_loopback_tb.v:]
WARNING: [filemgmt 56-199] Attempt to get parsing info during refresh. "On-the-fly" syntax checking information may be incorrect. [C:\Users\raiab\Downloads\vivado_projects\project\project.srcs\sources_1\new\urat_rx.v:]
WARNING: [filemgmt 56-199] Attempt to get parsing info during refresh. "On-the-fly" syntax checking information may be incorrect. [C:\Users\raiab\Downloads\vivado_projects\project\project.srcs\sources_1\new\urat_rx.v:]
update_compile_order -fileset sim_1
WARNING: [filemgmt 56-199] Attempt to get parsing info during refresh. "On-the-fly" syntax checking information may be incorrect. [C:\Users\raiab\Downloads\vivado_projects\project\project.srcs\sim_1\new\urat_tb.v:]
WARNING: [filemgmt 56-199] Attempt to get parsing info during refresh. "On-the-fly" syntax checking information may be incorrect. [C:\Users\raiab\Downloads\vivado_projects\project\project.srcs\sources_1\new\urat_tx.v:]
WARNING: [filemgmt 56-199] Attempt to get parsing info during refresh. "On-the-fly" syntax checking information may be incorrect. [C:\Users\raiab\Downloads\vivado_projects\project\project.srcs\sources_1\new\urat_rx.v:]
WARNING: [filemgmt 56-199] Attempt to get parsing info during refresh. "On-the-fly" syntax checking information may be incorrect. [C:\Users\raiab\Downloads\vivado_projects\project\project.srcs\sim_1\new\urat_loopback_tb.v:]
WARNING: [filemgmt 56-199] Attempt to get parsing info during refresh. "On-the-fly" syntax checking information may be incorrect. [C:\Users\raiab\Downloads\vivado_projects\project\project.srcs\sources_1\new\urat_rx.v:]
WARNING: [filemgmt 56-199] Attempt to get parsing info during refresh. "On-the-fly" syntax checking information may be incorrect. [C:\Users\raiab\Downloads\vivado_projects\project\project.srcs\sources_1\new\urat_rx.v:]
WARNING: [filemgmt 56-199] Attempt to get parsing info during refresh. "On-the-fly" syntax checking information may be incorrect. [C:\Users\raiab\Downloads\vivado_projects\project\project.srcs\sim_1\new\urat_tb.v:]
WARNING: [filemgmt 56-199] Attempt to get parsing info during refresh. "On-the-fly" syntax checking information may be incorrect. [C:\Users\raiab\Downloads\vivado_projects\project\project.srcs\sources_1\new\urat_tx.v:]
WARNING: [filemgmt 56-199] Attempt to get parsing info during refresh. "On-the-fly" syntax checking information may be incorrect. [C:\Users\raiab\Downloads\vivado_projects\project\project.srcs\sources_1\new\urat_rx.v:]
WARNING: [filemgmt 56-199] Attempt to get parsing info during refresh. "On-the-fly" syntax checking information may be incorrect. [C:\Users\raiab\Downloads\vivado_projects\project\project.srcs\sim_1\new\urat_loopback_tb.v:]
WARNING: [filemgmt 56-199] Attempt to get parsing info during refresh. "On-the-fly" syntax checking information may be incorrect. [C:\Users\raiab\Downloads\vivado_projects\project\project.srcs\sources_1\new\urat_tx.v:]
WARNING: [filemgmt 56-199] Attempt to get parsing info during refresh. "On-the-fly" syntax checking information may be incorrect. [C:\Users\raiab\Downloads\vivado_projects\project\project.srcs\sources_1\new\urat_tx.v:]
launch_simulation
Command: launch_simulation 
INFO: [Vivado 12-25911] Executing simulation for 'XSim' simulator
INFO: [Vivado 12-28535] Process started - Wed May 13 13:39:48 2026

INFO: [Vivado 12-12493] Simulation top is 'urat_loopback_tb'
INFO: [Vivado 12-5682] Launching behavioral simulation in 'C:/Users/raiab/Downloads/vivado_projects/project/project.sim/sim_1/behav/xsim'
INFO: [SIM-utils-51] Simulation object is 'sim_1'
INFO: [SIM-utils-72] Using boost library from 'C:/AMDDesignTools/.xinstall/2025.2/Vivado/tps/boost_1_72_0'
INFO: [SIM-utils-54] Inspecting design source files for 'urat_loopback_tb' in fileset 'sim_1'...
INFO: [USF-XSim-97] Finding global include files...
INFO: [USF-XSim-98] Fetching design files from 'sim_1'...
INFO: [USF-XSim-2] XSim::Compile design
INFO: [USF-XSim-61] Executing 'COMPILE and ANALYZE' step in 'C:/Users/raiab/Downloads/vivado_projects/project/project.sim/sim_1/behav/xsim'
"xvlog --incr --relax -prj urat_loopback_tb_vlog.prj"
INFO: [VRFC 10-2263] Analyzing Verilog file "C:/Users/raiab/Downloads/vivado_projects/project/project.srcs/sources_1/new/urat_rx.v" into library xil_defaultlib
INFO: [VRFC 10-311] analyzing module urat_rx
INFO: [VRFC 10-2263] Analyzing Verilog file "C:/Users/raiab/Downloads/vivado_projects/project/project.srcs/sim_1/new/urat_loopback_tb.v" into library xil_defaultlib
INFO: [VRFC 10-311] analyzing module urat_loopback_tb
WARNING: [VRFC 10-8884] decimal constant 100000000000 should be smaller than 2147483648; using 1215752192 instead [C:/Users/raiab/Downloads/vivado_projects/project/project.srcs/sim_1/new/urat_loopback_tb.v:50]
INFO: [USF-XSim-69] 'compile' step finished in '3' seconds
INFO: [USF-XSim-3] XSim::Elaborate design
INFO: [USF-XSim-61] Executing 'ELABORATE' step in 'C:/Users/raiab/Downloads/vivado_projects/project/project.sim/sim_1/behav/xsim'
"xelab --incr --debug typical --relax --mt 2 -L xil_defaultlib -L unisims_ver -L unimacro_ver -L secureip --snapshot urat_loopback_tb_behav xil_defaultlib.urat_loopback_tb xil_defaultlib.glbl -log elaborate.log"
Vivado Simulator v2025.2
Copyright 1986-2022 Xilinx, Inc. All Rights Reserved.
Copyright 2022-2025 Advanced Micro Devices, Inc. All Rights Reserved.
Running: C:/AMDDesignTools/.xinstall/2025.2/Vivado/bin/unwrapped/win64.o/xelab.exe --incr --debug typical --relax --mt 2 -L xil_defaultlib -L unisims_ver -L unimacro_ver -L secureip --snapshot urat_loopback_tb_behav xil_defaultlib.urat_loopback_tb xil_defaultlib.glbl -log elaborate.log 
Using 2 slave threads.
Starting static elaboration
Pass Through NonSizing Optimizer
Completed static elaboration
Starting simulation data flow analysis
Completed simulation data flow analysis
Time Resolution for simulation is 1ps
Compiling module xil_defaultlib.urat_tx
Compiling module xil_defaultlib.urat_rx
Compiling module xil_defaultlib.urat_loopback_tb
Compiling module xil_defaultlib.glbl
Built simulation snapshot urat_loopback_tb_behav
INFO: [USF-XSim-69] 'elaborate' step finished in '3' seconds
INFO: [USF-XSim-4] XSim::Simulate design
INFO: [USF-XSim-61] Executing 'SIMULATE' step in 'C:/Users/raiab/Downloads/vivado_projects/project/project.sim/sim_1/behav/xsim'
INFO: [USF-XSim-98] *** Running xsim
   with args "urat_loopback_tb_behav -key {Behavioral:sim_1:Functional:urat_loopback_tb} -tclbatch {urat_loopback_tb.tcl} -log {simulate.log}"
INFO: [USF-XSim-8] Loading simulator feature
Time resolution is 1 ps
source urat_loopback_tb.tcl
# set curr_wave [current_wave_config]
# if { [string length $curr_wave] == 0 } {
#   if { [llength [get_objects]] > 0} {
#     add_wave /
#     set_property needs_save false [current_wave_config]
#   } else {
#      send_msg_id Add_Wave-1 WARNING "No top level signals found. Simulator will start without a wave window. If you want to open a wave window go to 'File->New Waveform Configuration' or type 'create_wave_config' in the TCL console."
#   }
# }
# run 1000ns
INFO: [USF-XSim-96] XSim completed. Design snapshot 'urat_loopback_tb_behav' loaded.
INFO: [USF-XSim-97] XSim simulation ran for 1000ns
launch_simulation: Time (s): cpu = 00:00:10 ; elapsed = 00:00:12 . Memory (MB): peak = 1688.250 ; gain = 26.062
WARNING: [filemgmt 56-199] Attempt to get parsing info during refresh. "On-the-fly" syntax checking information may be incorrect. [C:\Users\raiab\Downloads\vivado_projects\project\project.srcs\sim_1\new\urat_tb.v:]
WARNING: [filemgmt 56-199] Attempt to get parsing info during refresh. "On-the-fly" syntax checking information may be incorrect. [C:\Users\raiab\Downloads\vivado_projects\project\project.srcs\sources_1\new\urat_tx.v:]
WARNING: [filemgmt 56-199] Attempt to get parsing info during refresh. "On-the-fly" syntax checking information may be incorrect. [C:\Users\raiab\Downloads\vivado_projects\project\project.srcs\sources_1\new\urat_rx.v:]
WARNING: [filemgmt 56-199] Attempt to get parsing info during refresh. "On-the-fly" syntax checking information may be incorrect. [C:\Users\raiab\Downloads\vivado_projects\project\project.srcs\sim_1\new\urat_loopback_tb.v:]
WARNING: [filemgmt 56-199] Attempt to get parsing info during refresh. "On-the-fly" syntax checking information may be incorrect. [C:\Users\raiab\Downloads\vivado_projects\project\project.srcs\sim_1\new\urat_loopback_tb.v:]
WARNING: [filemgmt 56-199] Attempt to get parsing info during refresh. "On-the-fly" syntax checking information may be incorrect. [C:\Users\raiab\Downloads\vivado_projects\project\project.srcs\sim_1\new\urat_loopback_tb.v:]
WARNING: [filemgmt 56-199] Attempt to get parsing info during refresh. "On-the-fly" syntax checking information may be incorrect. [C:\Users\raiab\Downloads\vivado_projects\project\project.srcs\sim_1\new\urat_tb.v:]
WARNING: [filemgmt 56-199] Attempt to get parsing info during refresh. "On-the-fly" syntax checking information may be incorrect. [C:\Users\raiab\Downloads\vivado_projects\project\project.srcs\sources_1\new\urat_tx.v:]
WARNING: [filemgmt 56-199] Attempt to get parsing info during refresh. "On-the-fly" syntax checking information may be incorrect. [C:\Users\raiab\Downloads\vivado_projects\project\project.srcs\sources_1\new\urat_rx.v:]
WARNING: [filemgmt 56-199] Attempt to get parsing info during refresh. "On-the-fly" syntax checking information may be incorrect. [C:\Users\raiab\Downloads\vivado_projects\project\project.srcs\sim_1\new\urat_loopback_tb.v:]
WARNING: [filemgmt 56-199] Attempt to get parsing info during refresh. "On-the-fly" syntax checking information may be incorrect. [C:\Users\raiab\Downloads\vivado_projects\project\project.srcs\sources_1\new\urat_tx.v:]
WARNING: [filemgmt 56-199] Attempt to get parsing info during refresh. "On-the-fly" syntax checking information may be incorrect. [C:\Users\raiab\Downloads\vivado_projects\project\project.srcs\sources_1\new\urat_tx.v:]
WARNING: [filemgmt 56-199] Attempt to get parsing info during refresh. "On-the-fly" syntax checking information may be incorrect. [C:\Users\raiab\Downloads\vivado_projects\project\project.srcs\sim_1\new\urat_tb.v:]
WARNING: [filemgmt 56-199] Attempt to get parsing info during refresh. "On-the-fly" syntax checking information may be incorrect. [C:\Users\raiab\Downloads\vivado_projects\project\project.srcs\sources_1\new\urat_tx.v:]
WARNING: [filemgmt 56-199] Attempt to get parsing info during refresh. "On-the-fly" syntax checking information may be incorrect. [C:\Users\raiab\Downloads\vivado_projects\project\project.srcs\sources_1\new\urat_rx.v:]
WARNING: [filemgmt 56-199] Attempt to get parsing info during refresh. "On-the-fly" syntax checking information may be incorrect. [C:\Users\raiab\Downloads\vivado_projects\project\project.srcs\sim_1\new\urat_loopback_tb.v:]
WARNING: [filemgmt 56-199] Attempt to get parsing info during refresh. "On-the-fly" syntax checking information may be incorrect. [C:\Users\raiab\Downloads\vivado_projects\project\project.srcs\sources_1\new\urat_rx.v:]
WARNING: [filemgmt 56-199] Attempt to get parsing info during refresh. "On-the-fly" syntax checking information may be incorrect. [C:\Users\raiab\Downloads\vivado_projects\project\project.srcs\sources_1\new\urat_rx.v:]
WARNING: [filemgmt 56-199] Attempt to get parsing info during refresh. "On-the-fly" syntax checking information may be incorrect. [C:\Users\raiab\Downloads\vivado_projects\project\project.srcs\sim_1\new\urat_tb.v:]
WARNING: [filemgmt 56-199] Attempt to get parsing info during refresh. "On-the-fly" syntax checking information may be incorrect. [C:\Users\raiab\Downloads\vivado_projects\project\project.srcs\sources_1\new\urat_tx.v:]
WARNING: [filemgmt 56-199] Attempt to get parsing info during refresh. "On-the-fly" syntax checking information may be incorrect. [C:\Users\raiab\Downloads\vivado_projects\project\project.srcs\sources_1\new\urat_rx.v:]
WARNING: [filemgmt 56-199] Attempt to get parsing info during refresh. "On-the-fly" syntax checking information may be incorrect. [C:\Users\raiab\Downloads\vivado_projects\project\project.srcs\sim_1\new\urat_loopback_tb.v:]
WARNING: [filemgmt 56-199] Attempt to get parsing info during refresh. "On-the-fly" syntax checking information may be incorrect. [C:\Users\raiab\Downloads\vivado_projects\project\project.srcs\sources_1\new\urat_tx.v:]
WARNING: [filemgmt 56-199] Attempt to get parsing info during refresh. "On-the-fly" syntax checking information may be incorrect. [C:\Users\raiab\Downloads\vivado_projects\project\project.srcs\sources_1\new\urat_tx.v:]
WARNING: [filemgmt 56-199] Attempt to get parsing info during refresh. "On-the-fly" syntax checking information may be incorrect. [C:\Users\raiab\Downloads\vivado_projects\project\project.srcs\sim_1\new\urat_tb.v:]
WARNING: [filemgmt 56-199] Attempt to get parsing info during refresh. "On-the-fly" syntax checking information may be incorrect. [C:\Users\raiab\Downloads\vivado_projects\project\project.srcs\sources_1\new\urat_tx.v:]
WARNING: [filemgmt 56-199] Attempt to get parsing info during refresh. "On-the-fly" syntax checking information may be incorrect. [C:\Users\raiab\Downloads\vivado_projects\project\project.srcs\sources_1\new\urat_rx.v:]
WARNING: [filemgmt 56-199] Attempt to get parsing info during refresh. "On-the-fly" syntax checking information may be incorrect. [C:\Users\raiab\Downloads\vivado_projects\project\project.srcs\sim_1\new\urat_loopback_tb.v:]
WARNING: [filemgmt 56-199] Attempt to get parsing info during refresh. "On-the-fly" syntax checking information may be incorrect. [C:\Users\raiab\Downloads\vivado_projects\project\project.srcs\sources_1\new\urat_rx.v:]
WARNING: [filemgmt 56-199] Attempt to get parsing info during refresh. "On-the-fly" syntax checking information may be incorrect. [C:\Users\raiab\Downloads\vivado_projects\project\project.srcs\sources_1\new\urat_rx.v:]
WARNING: [filemgmt 56-199] Attempt to get parsing info during refresh. "On-the-fly" syntax checking information may be incorrect. [C:\Users\raiab\Downloads\vivado_projects\project\project.srcs\sim_1\new\urat_tb.v:]
WARNING: [filemgmt 56-199] Attempt to get parsing info during refresh. "On-the-fly" syntax checking information may be incorrect. [C:\Users\raiab\Downloads\vivado_projects\project\project.srcs\sources_1\new\urat_tx.v:]
WARNING: [filemgmt 56-199] Attempt to get parsing info during refresh. "On-the-fly" syntax checking information may be incorrect. [C:\Users\raiab\Downloads\vivado_projects\project\project.srcs\sources_1\new\urat_rx.v:]
WARNING: [filemgmt 56-199] Attempt to get parsing info during refresh. "On-the-fly" syntax checking information may be incorrect. [C:\Users\raiab\Downloads\vivado_projects\project\project.srcs\sim_1\new\urat_loopback_tb.v:]
WARNING: [filemgmt 56-199] Attempt to get parsing info during refresh. "On-the-fly" syntax checking information may be incorrect. [C:\Users\raiab\Downloads\vivado_projects\project\project.srcs\sim_1\new\urat_tb.v:]
WARNING: [filemgmt 56-199] Attempt to get parsing info during refresh. "On-the-fly" syntax checking information may be incorrect. [C:\Users\raiab\Downloads\vivado_projects\project\project.srcs\sim_1\new\urat_tb.v:]
ERROR: [Common 17-180] Spawn failed: The operation completed successfully.

relaunch_sim
Command: launch_simulation -step compile -simset sim_1 -mode behavioral
INFO: [Vivado 12-25911] Executing simulation for 'XSim' simulator
INFO: [Vivado 12-28535] Process started - Wed May 13 13:41:35 2026

INFO: [Vivado 12-12493] Simulation top is 'urat_loopback_tb'
INFO: [Vivado 12-5682] Launching behavioral simulation in 'C:/Users/raiab/Downloads/vivado_projects/project/project.sim/sim_1/behav/xsim'
INFO: [SIM-utils-51] Simulation object is 'sim_1'
INFO: [SIM-utils-72] Using boost library from 'C:/AMDDesignTools/.xinstall/2025.2/Vivado/tps/boost_1_72_0'
INFO: [SIM-utils-54] Inspecting design source files for 'urat_loopback_tb' in fileset 'sim_1'...
INFO: [USF-XSim-97] Finding global include files...
INFO: [USF-XSim-98] Fetching design files from 'sim_1'...
INFO: [USF-XSim-2] XSim::Compile design
INFO: [USF-XSim-61] Executing 'COMPILE and ANALYZE' step in 'C:/Users/raiab/Downloads/vivado_projects/project/project.sim/sim_1/behav/xsim'
"xvlog --incr --relax -prj urat_loopback_tb_vlog.prj"
INFO: [VRFC 10-2263] Analyzing Verilog file "C:/Users/raiab/Downloads/vivado_projects/project/project.srcs/sources_1/new/urat_rx.v" into library xil_defaultlib
INFO: [VRFC 10-311] analyzing module urat_rx
INFO: [VRFC 10-2263] Analyzing Verilog file "C:/Users/raiab/Downloads/vivado_projects/project/project.srcs/sources_1/new/urat_tx.v" into library xil_defaultlib
INFO: [VRFC 10-311] analyzing module urat_tx
INFO: [VRFC 10-2263] Analyzing Verilog file "C:/Users/raiab/Downloads/vivado_projects/project/project.srcs/sim_1/new/urat_loopback_tb.v" into library xil_defaultlib
INFO: [VRFC 10-311] analyzing module urat_loopback_tb
INFO: [USF-XSim-69] 'compile' step finished in '2' seconds
Command: launch_simulation -step elaborate -simset sim_1 -mode behavioral
INFO: [Vivado 12-25911] Executing simulation for 'XSim' simulator
INFO: [Vivado 12-28535] Process started - Wed May 13 13:41:37 2026

INFO: [Vivado 12-12493] Simulation top is 'urat_loopback_tb'
INFO: [Vivado 12-5682] Launching behavioral simulation in 'C:/Users/raiab/Downloads/vivado_projects/project/project.sim/sim_1/behav/xsim'
INFO: [SIM-utils-51] Simulation object is 'sim_1'
INFO: [USF-XSim-3] XSim::Elaborate design
INFO: [USF-XSim-61] Executing 'ELABORATE' step in 'C:/Users/raiab/Downloads/vivado_projects/project/project.sim/sim_1/behav/xsim'
"xelab --incr --debug typical --relax --mt 2 -L xil_defaultlib -L unisims_ver -L unimacro_ver -L secureip --snapshot urat_loopback_tb_behav xil_defaultlib.urat_loopback_tb xil_defaultlib.glbl -log elaborate.log"
Vivado Simulator v2025.2
Copyright 1986-2022 Xilinx, Inc. All Rights Reserved.
Copyright 2022-2025 Advanced Micro Devices, Inc. All Rights Reserved.
Running: C:/AMDDesignTools/.xinstall/2025.2/Vivado/bin/unwrapped/win64.o/xelab.exe --incr --debug typical --relax --mt 2 -L xil_defaultlib -L unisims_ver -L unimacro_ver -L secureip --snapshot urat_loopback_tb_behav xil_defaultlib.urat_loopback_tb xil_defaultlib.glbl -log elaborate.log 
Using 2 slave threads.
Starting static elaboration
Pass Through NonSizing Optimizer
Completed static elaboration
Starting simulation data flow analysis
Completed simulation data flow analysis
Time Resolution for simulation is 1ps
Compiling module xil_defaultlib.urat_tx
Compiling module xil_defaultlib.urat_rx
Compiling module xil_defaultlib.urat_loopback_tb
Compiling module xil_defaultlib.glbl
Built simulation snapshot urat_loopback_tb_behav
INFO: [USF-XSim-69] 'elaborate' step finished in '2' seconds
Time resolution is 1 ps
relaunch_sim: Time (s): cpu = 00:00:01 ; elapsed = 00:00:06 . Memory (MB): peak = 1690.766 ; gain = 0.000
WARNING: [filemgmt 56-199] Attempt to get parsing info during refresh. "On-the-fly" syntax checking information may be incorrect. [C:\Users\raiab\Downloads\vivado_projects\project\project.srcs\sim_1\new\urat_tb.v:]
WARNING: [filemgmt 56-199] Attempt to get parsing info during refresh. "On-the-fly" syntax checking information may be incorrect. [C:\Users\raiab\Downloads\vivado_projects\project\project.srcs\sources_1\new\urat_tx.v:]
WARNING: [filemgmt 56-199] Attempt to get parsing info during refresh. "On-the-fly" syntax checking information may be incorrect. [C:\Users\raiab\Downloads\vivado_projects\project\project.srcs\sources_1\new\urat_rx.v:]
WARNING: [filemgmt 56-199] Attempt to get parsing info during refresh. "On-the-fly" syntax checking information may be incorrect. [C:\Users\raiab\Downloads\vivado_projects\project\project.srcs\sim_1\new\urat_loopback_tb.v:]
WARNING: [filemgmt 56-199] Attempt to get parsing info during refresh. "On-the-fly" syntax checking information may be incorrect. [C:\Users\raiab\Downloads\vivado_projects\project\project.srcs\sources_1\new\urat_tx.v:]
WARNING: [filemgmt 56-199] Attempt to get parsing info during refresh. "On-the-fly" syntax checking information may be incorrect. [C:\Users\raiab\Downloads\vivado_projects\project\project.srcs\sources_1\new\urat_tx.v:]
WARNING: [filemgmt 56-199] Attempt to get parsing info during refresh. "On-the-fly" syntax checking information may be incorrect. [C:\Users\raiab\Downloads\vivado_projects\project\project.srcs\sim_1\new\urat_tb.v:]
WARNING: [filemgmt 56-199] Attempt to get parsing info during refresh. "On-the-fly" syntax checking information may be incorrect. [C:\Users\raiab\Downloads\vivado_projects\project\project.srcs\sources_1\new\urat_tx.v:]
WARNING: [filemgmt 56-199] Attempt to get parsing info during refresh. "On-the-fly" syntax checking information may be incorrect. [C:\Users\raiab\Downloads\vivado_projects\project\project.srcs\sources_1\new\urat_rx.v:]
WARNING: [filemgmt 56-199] Attempt to get parsing info during refresh. "On-the-fly" syntax checking information may be incorrect. [C:\Users\raiab\Downloads\vivado_projects\project\project.srcs\sim_1\new\urat_loopback_tb.v:]
WARNING: [filemgmt 56-199] Attempt to get parsing info during refresh. "On-the-fly" syntax checking information may be incorrect. [C:\Users\raiab\Downloads\vivado_projects\project\project.srcs\sources_1\new\urat_rx.v:]
WARNING: [filemgmt 56-199] Attempt to get parsing info during refresh. "On-the-fly" syntax checking information may be incorrect. [C:\Users\raiab\Downloads\vivado_projects\project\project.srcs\sources_1\new\urat_rx.v:]
WARNING: [filemgmt 56-199] Attempt to get parsing info during refresh. "On-the-fly" syntax checking information may be incorrect. [C:\Users\raiab\Downloads\vivado_projects\project\project.srcs\sim_1\new\urat_tb.v:]
WARNING: [filemgmt 56-199] Attempt to get parsing info during refresh. "On-the-fly" syntax checking information may be incorrect. [C:\Users\raiab\Downloads\vivado_projects\project\project.srcs\sources_1\new\urat_tx.v:]
WARNING: [filemgmt 56-199] Attempt to get parsing info during refresh. "On-the-fly" syntax checking information may be incorrect. [C:\Users\raiab\Downloads\vivado_projects\project\project.srcs\sources_1\new\urat_rx.v:]
WARNING: [filemgmt 56-199] Attempt to get parsing info during refresh. "On-the-fly" syntax checking information may be incorrect. [C:\Users\raiab\Downloads\vivado_projects\project\project.srcs\sim_1\new\urat_loopback_tb.v:]
WARNING: [filemgmt 56-199] Attempt to get parsing info during refresh. "On-the-fly" syntax checking information may be incorrect. [C:\Users\raiab\Downloads\vivado_projects\project\project.srcs\sim_1\new\urat_tb.v:]
WARNING: [filemgmt 56-199] Attempt to get parsing info during refresh. "On-the-fly" syntax checking information may be incorrect. [C:\Users\raiab\Downloads\vivado_projects\project\project.srcs\sim_1\new\urat_tb.v:]
ERROR: [Common 17-180] Spawn failed: The operation completed successfully.

relaunch_sim
Command: launch_simulation -step compile -simset sim_1 -mode behavioral
INFO: [Vivado 12-25911] Executing simulation for 'XSim' simulator
INFO: [Vivado 12-28535] Process started - Wed May 13 13:42:20 2026

INFO: [Vivado 12-12493] Simulation top is 'urat_loopback_tb'
INFO: [Vivado 12-5682] Launching behavioral simulation in 'C:/Users/raiab/Downloads/vivado_projects/project/project.sim/sim_1/behav/xsim'
INFO: [SIM-utils-51] Simulation object is 'sim_1'
INFO: [USF-XSim-2] XSim::Compile design
INFO: [USF-XSim-61] Executing 'COMPILE and ANALYZE' step in 'C:/Users/raiab/Downloads/vivado_projects/project/project.sim/sim_1/behav/xsim'
"xvlog --incr --relax -prj urat_loopback_tb_vlog.prj"
INFO: [VRFC 10-2263] Analyzing Verilog file "C:/Users/raiab/Downloads/vivado_projects/project/project.srcs/sources_1/new/urat_rx.v" into library xil_defaultlib
INFO: [VRFC 10-311] analyzing module urat_rx
INFO: [VRFC 10-2263] Analyzing Verilog file "C:/Users/raiab/Downloads/vivado_projects/project/project.srcs/sources_1/new/urat_tx.v" into library xil_defaultlib
INFO: [VRFC 10-311] analyzing module urat_tx
INFO: [VRFC 10-2263] Analyzing Verilog file "C:/Users/raiab/Downloads/vivado_projects/project/project.srcs/sim_1/new/urat_loopback_tb.v" into library xil_defaultlib
INFO: [VRFC 10-311] analyzing module urat_loopback_tb
INFO: [USF-XSim-69] 'compile' step finished in '2' seconds
Command: launch_simulation -step elaborate -simset sim_1 -mode behavioral
INFO: [Vivado 12-25911] Executing simulation for 'XSim' simulator
INFO: [Vivado 12-28535] Process started - Wed May 13 13:42:22 2026

INFO: [Vivado 12-12493] Simulation top is 'urat_loopback_tb'
INFO: [Vivado 12-5682] Launching behavioral simulation in 'C:/Users/raiab/Downloads/vivado_projects/project/project.sim/sim_1/behav/xsim'
INFO: [SIM-utils-51] Simulation object is 'sim_1'
INFO: [USF-XSim-3] XSim::Elaborate design
INFO: [USF-XSim-61] Executing 'ELABORATE' step in 'C:/Users/raiab/Downloads/vivado_projects/project/project.sim/sim_1/behav/xsim'
"xelab --incr --debug typical --relax --mt 2 -L xil_defaultlib -L unisims_ver -L unimacro_ver -L secureip --snapshot urat_loopback_tb_behav xil_defaultlib.urat_loopback_tb xil_defaultlib.glbl -log elaborate.log"
Vivado Simulator v2025.2
Copyright 1986-2022 Xilinx, Inc. All Rights Reserved.
Copyright 2022-2025 Advanced Micro Devices, Inc. All Rights Reserved.
Running: C:/AMDDesignTools/.xinstall/2025.2/Vivado/bin/unwrapped/win64.o/xelab.exe --incr --debug typical --relax --mt 2 -L xil_defaultlib -L unisims_ver -L unimacro_ver -L secureip --snapshot urat_loopback_tb_behav xil_defaultlib.urat_loopback_tb xil_defaultlib.glbl -log elaborate.log 
Using 2 slave threads.
Starting static elaboration
Pass Through NonSizing Optimizer
Completed static elaboration
Starting simulation data flow analysis
Completed simulation data flow analysis
Time Resolution for simulation is 1ps
Compiling module xil_defaultlib.urat_tx
Compiling module xil_defaultlib.urat_rx
Compiling module xil_defaultlib.urat_loopback_tb
Compiling module xil_defaultlib.glbl
Built simulation snapshot urat_loopback_tb_behav
INFO: [USF-XSim-69] 'elaborate' step finished in '2' seconds
Time resolution is 1 ps
relaunch_sim: Time (s): cpu = 00:00:01 ; elapsed = 00:00:06 . Memory (MB): peak = 1690.766 ; gain = 0.000
current_wave_config {Untitled 1}
Untitled 1
add_wave {{/urat_loopback_tb/utv/clk}} {{/urat_loopback_tb/utv/rst}} {{/urat_loopback_tb/utv/tx_start}} {{/urat_loopback_tb/utv/datax}} {{/urat_loopback_tb/utv/tx}} {{/urat_loopback_tb/utv/state}} {{/urat_loopback_tb/utv/m}} {{/urat_loopback_tb/utv/idle}} {{/urat_loopback_tb/utv/start}} {{/urat_loopback_tb/utv/data}} {{/urat_loopback_tb/utv/stop}} 
relaunch_sim
Command: launch_simulation -step compile -simset sim_1 -mode behavioral
INFO: [Vivado 12-25911] Executing simulation for 'XSim' simulator
INFO: [Vivado 12-28535] Process started - Wed May 13 13:51:26 2026

INFO: [Vivado 12-12493] Simulation top is 'urat_loopback_tb'
INFO: [Vivado 12-5682] Launching behavioral simulation in 'C:/Users/raiab/Downloads/vivado_projects/project/project.sim/sim_1/behav/xsim'
INFO: [SIM-utils-51] Simulation object is 'sim_1'
INFO: [USF-XSim-2] XSim::Compile design
INFO: [USF-XSim-61] Executing 'COMPILE and ANALYZE' step in 'C:/Users/raiab/Downloads/vivado_projects/project/project.sim/sim_1/behav/xsim'
"xvlog --incr --relax -prj urat_loopback_tb_vlog.prj"
INFO: [VRFC 10-2263] Analyzing Verilog file "C:/Users/raiab/Downloads/vivado_projects/project/project.srcs/sources_1/new/urat_rx.v" into library xil_defaultlib
INFO: [VRFC 10-311] analyzing module urat_rx
INFO: [VRFC 10-2263] Analyzing Verilog file "C:/Users/raiab/Downloads/vivado_projects/project/project.srcs/sources_1/new/urat_tx.v" into library xil_defaultlib
INFO: [VRFC 10-311] analyzing module urat_tx
INFO: [VRFC 10-2263] Analyzing Verilog file "C:/Users/raiab/Downloads/vivado_projects/project/project.srcs/sim_1/new/urat_loopback_tb.v" into library xil_defaultlib
INFO: [VRFC 10-311] analyzing module urat_loopback_tb
INFO: [USF-XSim-69] 'compile' step finished in '2' seconds
Command: launch_simulation -step elaborate -simset sim_1 -mode behavioral
INFO: [Vivado 12-25911] Executing simulation for 'XSim' simulator
INFO: [Vivado 12-28535] Process started - Wed May 13 13:51:29 2026

INFO: [Vivado 12-12493] Simulation top is 'urat_loopback_tb'
INFO: [Vivado 12-5682] Launching behavioral simulation in 'C:/Users/raiab/Downloads/vivado_projects/project/project.sim/sim_1/behav/xsim'
INFO: [SIM-utils-51] Simulation object is 'sim_1'
INFO: [USF-XSim-3] XSim::Elaborate design
INFO: [USF-XSim-61] Executing 'ELABORATE' step in 'C:/Users/raiab/Downloads/vivado_projects/project/project.sim/sim_1/behav/xsim'
"xelab --incr --debug typical --relax --mt 2 -L xil_defaultlib -L unisims_ver -L unimacro_ver -L secureip --snapshot urat_loopback_tb_behav xil_defaultlib.urat_loopback_tb xil_defaultlib.glbl -log elaborate.log"
Vivado Simulator v2025.2
Copyright 1986-2022 Xilinx, Inc. All Rights Reserved.
Copyright 2022-2025 Advanced Micro Devices, Inc. All Rights Reserved.
Running: C:/AMDDesignTools/.xinstall/2025.2/Vivado/bin/unwrapped/win64.o/xelab.exe --incr --debug typical --relax --mt 2 -L xil_defaultlib -L unisims_ver -L unimacro_ver -L secureip --snapshot urat_loopback_tb_behav xil_defaultlib.urat_loopback_tb xil_defaultlib.glbl -log elaborate.log 
Using 2 slave threads.
Starting static elaboration
Pass Through NonSizing Optimizer
Completed static elaboration
Starting simulation data flow analysis
Completed simulation data flow analysis
Time Resolution for simulation is 1ps
Compiling module xil_defaultlib.urat_tx
Compiling module xil_defaultlib.urat_rx
Compiling module xil_defaultlib.urat_loopback_tb
Compiling module xil_defaultlib.glbl
Built simulation snapshot urat_loopback_tb_behav
INFO: [USF-XSim-69] 'elaborate' step finished in '4' seconds
Time resolution is 1 ps
relaunch_sim: Time (s): cpu = 00:00:02 ; elapsed = 00:00:10 . Memory (MB): peak = 3337.668 ; gain = 0.000
WARNING: [filemgmt 56-199] Attempt to get parsing info during refresh. "On-the-fly" syntax checking information may be incorrect. [C:\Users\raiab\Downloads\vivado_projects\project\project.srcs\sim_1\new\urat_tb.v:]
WARNING: [filemgmt 56-199] Attempt to get parsing info during refresh. "On-the-fly" syntax checking information may be incorrect. [C:\Users\raiab\Downloads\vivado_projects\project\project.srcs\sources_1\new\urat_tx.v:]
WARNING: [filemgmt 56-199] Attempt to get parsing info during refresh. "On-the-fly" syntax checking information may be incorrect. [C:\Users\raiab\Downloads\vivado_projects\project\project.srcs\sim_1\new\urat_loopback_tb.v:]
WARNING: [filemgmt 56-199] Attempt to get parsing info during refresh. "On-the-fly" syntax checking information may be incorrect. [C:\Users\raiab\Downloads\vivado_projects\project\project.srcs\sim_1\new\urat_loopback_tb.v:]
WARNING: [filemgmt 56-199] Attempt to get parsing info during refresh. "On-the-fly" syntax checking information may be incorrect. [C:\Users\raiab\Downloads\vivado_projects\project\project.srcs\sim_1\new\urat_loopback_tb.v:]
WARNING: [filemgmt 56-199] Attempt to get parsing info during refresh. "On-the-fly" syntax checking information may be incorrect. [C:\Users\raiab\Downloads\vivado_projects\project\project.srcs\sim_1\new\urat_tb.v:]
WARNING: [filemgmt 56-199] Attempt to get parsing info during refresh. "On-the-fly" syntax checking information may be incorrect. [C:\Users\raiab\Downloads\vivado_projects\project\project.srcs\sources_1\new\urat_tx.v:]
WARNING: [filemgmt 56-199] Attempt to get parsing info during refresh. "On-the-fly" syntax checking information may be incorrect. [C:\Users\raiab\Downloads\vivado_projects\project\project.srcs\sim_1\new\urat_loopback_tb.v:]
WARNING: [filemgmt 56-199] Attempt to get parsing info during refresh. "On-the-fly" syntax checking information may be incorrect. [C:\Users\raiab\Downloads\vivado_projects\project\project.srcs\sim_1\new\urat_tb.v:]
WARNING: [filemgmt 56-199] Attempt to get parsing info during refresh. "On-the-fly" syntax checking information may be incorrect. [C:\Users\raiab\Downloads\vivado_projects\project\project.srcs\sim_1\new\urat_tb.v:]
relaunch_sim
Command: launch_simulation -step compile -simset sim_1 -mode behavioral
INFO: [Vivado 12-25911] Executing simulation for 'XSim' simulator
INFO: [Vivado 12-28535] Process started - Wed May 13 13:57:33 2026

INFO: [Vivado 12-12493] Simulation top is 'urat_loopback_tb'
INFO: [Vivado 12-5682] Launching behavioral simulation in 'C:/Users/raiab/Downloads/vivado_projects/project/project.sim/sim_1/behav/xsim'
INFO: [SIM-utils-51] Simulation object is 'sim_1'
INFO: [USF-XSim-2] XSim::Compile design
INFO: [USF-XSim-61] Executing 'COMPILE and ANALYZE' step in 'C:/Users/raiab/Downloads/vivado_projects/project/project.sim/sim_1/behav/xsim'
"xvlog --incr --relax -prj urat_loopback_tb_vlog.prj"
INFO: [USF-XSim-69] 'compile' step finished in '2' seconds
Command: launch_simulation -step elaborate -simset sim_1 -mode behavioral
INFO: [Vivado 12-25911] Executing simulation for 'XSim' simulator
INFO: [Vivado 12-28535] Process started - Wed May 13 13:57:35 2026

INFO: [Vivado 12-12493] Simulation top is 'urat_loopback_tb'
INFO: [Vivado 12-5682] Launching behavioral simulation in 'C:/Users/raiab/Downloads/vivado_projects/project/project.sim/sim_1/behav/xsim'
INFO: [SIM-utils-51] Simulation object is 'sim_1'
INFO: [USF-XSim-3] XSim::Elaborate design
INFO: [USF-XSim-61] Executing 'ELABORATE' step in 'C:/Users/raiab/Downloads/vivado_projects/project/project.sim/sim_1/behav/xsim'
"xelab --incr --debug typical --relax --mt 2 -L xil_defaultlib -L unisims_ver -L unimacro_ver -L secureip --snapshot urat_loopback_tb_behav xil_defaultlib.urat_loopback_tb xil_defaultlib.glbl -log elaborate.log"
Vivado Simulator v2025.2
Copyright 1986-2022 Xilinx, Inc. All Rights Reserved.
Copyright 2022-2025 Advanced Micro Devices, Inc. All Rights Reserved.
Running: C:/AMDDesignTools/.xinstall/2025.2/Vivado/bin/unwrapped/win64.o/xelab.exe --incr --debug typical --relax --mt 2 -L xil_defaultlib -L unisims_ver -L unimacro_ver -L secureip --snapshot urat_loopback_tb_behav xil_defaultlib.urat_loopback_tb xil_defaultlib.glbl -log elaborate.log 
Using 2 slave threads.
Starting static elaboration
Pass Through NonSizing Optimizer
Completed static elaboration
INFO: [XSIM 43-4323] No Change in HDL. Linking previously generated obj files to create kernel
INFO: [USF-XSim-69] 'elaborate' step finished in '1' seconds
Time resolution is 1 ps
relaunch_sim: Time (s): cpu = 00:00:01 ; elapsed = 00:00:06 . Memory (MB): peak = 3343.180 ; gain = 0.000
relaunch_sim
Command: launch_simulation -step compile -simset sim_1 -mode behavioral
INFO: [Vivado 12-25911] Executing simulation for 'XSim' simulator
INFO: [Vivado 12-28535] Process started - Wed May 13 14:02:35 2026

INFO: [Vivado 12-12493] Simulation top is 'urat_loopback_tb'
INFO: [Vivado 12-5682] Launching behavioral simulation in 'C:/Users/raiab/Downloads/vivado_projects/project/project.sim/sim_1/behav/xsim'
INFO: [SIM-utils-51] Simulation object is 'sim_1'
INFO: [USF-XSim-2] XSim::Compile design
INFO: [USF-XSim-61] Executing 'COMPILE and ANALYZE' step in 'C:/Users/raiab/Downloads/vivado_projects/project/project.sim/sim_1/behav/xsim'
"xvlog --incr --relax -prj urat_loopback_tb_vlog.prj"
INFO: [VRFC 10-2263] Analyzing Verilog file "C:/Users/raiab/Downloads/vivado_projects/project/project.srcs/sources_1/new/urat_rx.v" into library xil_defaultlib
INFO: [VRFC 10-311] analyzing module urat_rx
INFO: [VRFC 10-2263] Analyzing Verilog file "C:/Users/raiab/Downloads/vivado_projects/project/project.srcs/sources_1/new/urat_tx.v" into library xil_defaultlib
INFO: [VRFC 10-311] analyzing module urat_tx
INFO: [VRFC 10-2263] Analyzing Verilog file "C:/Users/raiab/Downloads/vivado_projects/project/project.srcs/sim_1/new/urat_loopback_tb.v" into library xil_defaultlib
INFO: [VRFC 10-311] analyzing module urat_loopback_tb
INFO: [USF-XSim-69] 'compile' step finished in '2' seconds
Command: launch_simulation -step elaborate -simset sim_1 -mode behavioral
INFO: [Vivado 12-25911] Executing simulation for 'XSim' simulator
INFO: [Vivado 12-28535] Process started - Wed May 13 14:02:37 2026

INFO: [Vivado 12-12493] Simulation top is 'urat_loopback_tb'
INFO: [Vivado 12-5682] Launching behavioral simulation in 'C:/Users/raiab/Downloads/vivado_projects/project/project.sim/sim_1/behav/xsim'
INFO: [SIM-utils-51] Simulation object is 'sim_1'
INFO: [USF-XSim-3] XSim::Elaborate design
INFO: [USF-XSim-61] Executing 'ELABORATE' step in 'C:/Users/raiab/Downloads/vivado_projects/project/project.sim/sim_1/behav/xsim'
"xelab --incr --debug typical --relax --mt 2 -L xil_defaultlib -L unisims_ver -L unimacro_ver -L secureip --snapshot urat_loopback_tb_behav xil_defaultlib.urat_loopback_tb xil_defaultlib.glbl -log elaborate.log"
Vivado Simulator v2025.2
Copyright 1986-2022 Xilinx, Inc. All Rights Reserved.
Copyright 2022-2025 Advanced Micro Devices, Inc. All Rights Reserved.
Running: C:/AMDDesignTools/.xinstall/2025.2/Vivado/bin/unwrapped/win64.o/xelab.exe --incr --debug typical --relax --mt 2 -L xil_defaultlib -L unisims_ver -L unimacro_ver -L secureip --snapshot urat_loopback_tb_behav xil_defaultlib.urat_loopback_tb xil_defaultlib.glbl -log elaborate.log 
Using 2 slave threads.
Starting static elaboration
Pass Through NonSizing Optimizer
Completed static elaboration
Starting simulation data flow analysis
Completed simulation data flow analysis
Time Resolution for simulation is 1ps
Compiling module xil_defaultlib.urat_tx
Compiling module xil_defaultlib.urat_rx
Compiling module xil_defaultlib.urat_loopback_tb
Compiling module xil_defaultlib.glbl
Built simulation snapshot urat_loopback_tb_behav
INFO: [USF-XSim-69] 'elaborate' step finished in '2' seconds
Time resolution is 1 ps
relaunch_sim: Time (s): cpu = 00:00:00 ; elapsed = 00:00:07 . Memory (MB): peak = 3350.078 ; gain = 0.000
close_sim
WARNING: [filemgmt 56-199] Attempt to get parsing info during refresh. "On-the-fly" syntax checking information may be incorrect. [C:\Users\raiab\Downloads\vivado_projects\project\project.srcs\sim_1\new\urat_tb.v:]
WARNING: [filemgmt 56-199] Attempt to get parsing info during refresh. "On-the-fly" syntax checking information may be incorrect. [C:\Users\raiab\Downloads\vivado_projects\project\project.srcs\sources_1\new\urat_tx.v:]
WARNING: [filemgmt 56-199] Attempt to get parsing info during refresh. "On-the-fly" syntax checking information may be incorrect. [C:\Users\raiab\Downloads\vivado_projects\project\project.srcs\sim_1\new\urat_loopback_tb.v:]
WARNING: [filemgmt 56-199] Attempt to get parsing info during refresh. "On-the-fly" syntax checking information may be incorrect. [C:\Users\raiab\Downloads\vivado_projects\project\project.srcs\sim_1\new\urat_loopback_tb.v:]
WARNING: [filemgmt 56-199] Attempt to get parsing info during refresh. "On-the-fly" syntax checking information may be incorrect. [C:\Users\raiab\Downloads\vivado_projects\project\project.srcs\sim_1\new\urat_loopback_tb.v:]
WARNING: [filemgmt 56-199] Attempt to get parsing info during refresh. "On-the-fly" syntax checking information may be incorrect. [C:\Users\raiab\Downloads\vivado_projects\project\project.srcs\sim_1\new\urat_tb.v:]
WARNING: [filemgmt 56-199] Attempt to get parsing info during refresh. "On-the-fly" syntax checking information may be incorrect. [C:\Users\raiab\Downloads\vivado_projects\project\project.srcs\sources_1\new\urat_tx.v:]
WARNING: [filemgmt 56-199] Attempt to get parsing info during refresh. "On-the-fly" syntax checking information may be incorrect. [C:\Users\raiab\Downloads\vivado_projects\project\project.srcs\sim_1\new\urat_loopback_tb.v:]
WARNING: [filemgmt 56-199] Attempt to get parsing info during refresh. "On-the-fly" syntax checking information may be incorrect. [C:\Users\raiab\Downloads\vivado_projects\project\project.srcs\sources_1\new\urat_tx.v:]
WARNING: [filemgmt 56-199] Attempt to get parsing info during refresh. "On-the-fly" syntax checking information may be incorrect. [C:\Users\raiab\Downloads\vivado_projects\project\project.srcs\sources_1\new\urat_tx.v:]
INFO: [Simtcl 6-16] Simulation closed
WARNING: [filemgmt 56-199] Attempt to get parsing info during refresh. "On-the-fly" syntax checking information may be incorrect. [C:\Users\raiab\Downloads\vivado_projects\project\project.srcs\sim_1\new\urat_tb.v:]
WARNING: [filemgmt 56-199] Attempt to get parsing info during refresh. "On-the-fly" syntax checking information may be incorrect. [C:\Users\raiab\Downloads\vivado_projects\project\project.srcs\sources_1\new\urat_tx.v:]
WARNING: [filemgmt 56-199] Attempt to get parsing info during refresh. "On-the-fly" syntax checking information may be incorrect. [C:\Users\raiab\Downloads\vivado_projects\project\project.srcs\sim_1\new\urat_loopback_tb.v:]
WARNING: [filemgmt 56-199] Attempt to get parsing info during refresh. "On-the-fly" syntax checking information may be incorrect. [C:\Users\raiab\Downloads\vivado_projects\project\project.srcs\sources_1\new\urat_tx.v:]
WARNING: [filemgmt 56-199] Attempt to get parsing info during refresh. "On-the-fly" syntax checking information may be incorrect. [C:\Users\raiab\Downloads\vivado_projects\project\project.srcs\sources_1\new\urat_tx.v:]
WARNING: [filemgmt 56-199] Attempt to get parsing info during refresh. "On-the-fly" syntax checking information may be incorrect. [C:\Users\raiab\Downloads\vivado_projects\project\project.srcs\sim_1\new\urat_tb.v:]
WARNING: [filemgmt 56-199] Attempt to get parsing info during refresh. "On-the-fly" syntax checking information may be incorrect. [C:\Users\raiab\Downloads\vivado_projects\project\project.srcs\sources_1\new\urat_tx.v:]
WARNING: [filemgmt 56-199] Attempt to get parsing info during refresh. "On-the-fly" syntax checking information may be incorrect. [C:\Users\raiab\Downloads\vivado_projects\project\project.srcs\sim_1\new\urat_loopback_tb.v:]
WARNING: [filemgmt 56-199] Attempt to get parsing info during refresh. "On-the-fly" syntax checking information may be incorrect. [C:\Users\raiab\Downloads\vivado_projects\project\project.srcs\sim_1\new\urat_tb.v:]
WARNING: [filemgmt 56-199] Attempt to get parsing info during refresh. "On-the-fly" syntax checking information may be incorrect. [C:\Users\raiab\Downloads\vivado_projects\project\project.srcs\sim_1\new\urat_tb.v:]
ERROR: [Common 17-180] Spawn failed: The operation completed successfully.

launch_simulation
Command: launch_simulation 
INFO: [Vivado 12-25911] Executing simulation for 'XSim' simulator
INFO: [Vivado 12-28535] Process started - Wed May 13 14:09:12 2026

INFO: [Vivado 12-12493] Simulation top is 'urat_loopback_tb'
INFO: [Vivado 12-5682] Launching behavioral simulation in 'C:/Users/raiab/Downloads/vivado_projects/project/project.sim/sim_1/behav/xsim'
INFO: [SIM-utils-51] Simulation object is 'sim_1'
INFO: [SIM-utils-72] Using boost library from 'C:/AMDDesignTools/.xinstall/2025.2/Vivado/tps/boost_1_72_0'
INFO: [SIM-utils-54] Inspecting design source files for 'urat_loopback_tb' in fileset 'sim_1'...
INFO: [USF-XSim-97] Finding global include files...
INFO: [USF-XSim-98] Fetching design files from 'sim_1'...
INFO: [USF-XSim-2] XSim::Compile design
INFO: [USF-XSim-61] Executing 'COMPILE and ANALYZE' step in 'C:/Users/raiab/Downloads/vivado_projects/project/project.sim/sim_1/behav/xsim'
"xvlog --incr --relax -prj urat_loopback_tb_vlog.prj"
INFO: [VRFC 10-2263] Analyzing Verilog file "C:/Users/raiab/Downloads/vivado_projects/project/project.srcs/sources_1/new/urat_rx.v" into library xil_defaultlib
INFO: [VRFC 10-311] analyzing module urat_rx
INFO: [VRFC 10-2263] Analyzing Verilog file "C:/Users/raiab/Downloads/vivado_projects/project/project.srcs/sources_1/new/urat_tx.v" into library xil_defaultlib
INFO: [VRFC 10-311] analyzing module urat_tx
INFO: [VRFC 10-2263] Analyzing Verilog file "C:/Users/raiab/Downloads/vivado_projects/project/project.srcs/sim_1/new/urat_loopback_tb.v" into library xil_defaultlib
INFO: [VRFC 10-311] analyzing module urat_loopback_tb
INFO: [USF-XSim-69] 'compile' step finished in '2' seconds
INFO: [USF-XSim-3] XSim::Elaborate design
INFO: [USF-XSim-61] Executing 'ELABORATE' step in 'C:/Users/raiab/Downloads/vivado_projects/project/project.sim/sim_1/behav/xsim'
"xelab --incr --debug typical --relax --mt 2 -L xil_defaultlib -L unisims_ver -L unimacro_ver -L secureip --snapshot urat_loopback_tb_behav xil_defaultlib.urat_loopback_tb xil_defaultlib.glbl -log elaborate.log"
Vivado Simulator v2025.2
Copyright 1986-2022 Xilinx, Inc. All Rights Reserved.
Copyright 2022-2025 Advanced Micro Devices, Inc. All Rights Reserved.
Running: C:/AMDDesignTools/.xinstall/2025.2/Vivado/bin/unwrapped/win64.o/xelab.exe --incr --debug typical --relax --mt 2 -L xil_defaultlib -L unisims_ver -L unimacro_ver -L secureip --snapshot urat_loopback_tb_behav xil_defaultlib.urat_loopback_tb xil_defaultlib.glbl -log elaborate.log 
Using 2 slave threads.
Starting static elaboration
Pass Through NonSizing Optimizer
Completed static elaboration
Starting simulation data flow analysis
Completed simulation data flow analysis
Time Resolution for simulation is 1ps
Compiling module xil_defaultlib.urat_tx
Compiling module xil_defaultlib.urat_rx
Compiling module xil_defaultlib.urat_loopback_tb
Compiling module xil_defaultlib.glbl
Built simulation snapshot urat_loopback_tb_behav
INFO: [USF-XSim-69] 'elaborate' step finished in '2' seconds
INFO: [USF-XSim-4] XSim::Simulate design
INFO: [USF-XSim-61] Executing 'SIMULATE' step in 'C:/Users/raiab/Downloads/vivado_projects/project/project.sim/sim_1/behav/xsim'
INFO: [USF-XSim-98] *** Running xsim
   with args "urat_loopback_tb_behav -key {Behavioral:sim_1:Functional:urat_loopback_tb} -tclbatch {urat_loopback_tb.tcl} -log {simulate.log}"
INFO: [USF-XSim-8] Loading simulator feature
Time resolution is 1 ps
source urat_loopback_tb.tcl
# set curr_wave [current_wave_config]
# if { [string length $curr_wave] == 0 } {
#   if { [llength [get_objects]] > 0} {
#     add_wave /
#     set_property needs_save false [current_wave_config]
#   } else {
#      send_msg_id Add_Wave-1 WARNING "No top level signals found. Simulator will start without a wave window. If you want to open a wave window go to 'File->New Waveform Configuration' or type 'create_wave_config' in the TCL console."
#   }
# }
# run 1000ns
INFO: [USF-XSim-96] XSim completed. Design snapshot 'urat_loopback_tb_behav' loaded.
INFO: [USF-XSim-97] XSim simulation ran for 1000ns
launch_simulation: Time (s): cpu = 00:00:05 ; elapsed = 00:00:07 . Memory (MB): peak = 3350.078 ; gain = 0.000
current_wave_config {Untitled 2}
Untitled 2
add_wave {{/urat_loopback_tb/utv/stop}} 
relaunch_sim
Command: launch_simulation -step compile -simset sim_1 -mode behavioral
INFO: [Vivado 12-25911] Executing simulation for 'XSim' simulator
INFO: [Vivado 12-28535] Process started - Wed May 13 14:10:10 2026

INFO: [Vivado 12-12493] Simulation top is 'urat_loopback_tb'
INFO: [Vivado 12-5682] Launching behavioral simulation in 'C:/Users/raiab/Downloads/vivado_projects/project/project.sim/sim_1/behav/xsim'
INFO: [SIM-utils-51] Simulation object is 'sim_1'
INFO: [USF-XSim-2] XSim::Compile design
INFO: [USF-XSim-61] Executing 'COMPILE and ANALYZE' step in 'C:/Users/raiab/Downloads/vivado_projects/project/project.sim/sim_1/behav/xsim'
"xvlog --incr --relax -prj urat_loopback_tb_vlog.prj"
INFO: [USF-XSim-69] 'compile' step finished in '2' seconds
Command: launch_simulation -step elaborate -simset sim_1 -mode behavioral
INFO: [Vivado 12-25911] Executing simulation for 'XSim' simulator
INFO: [Vivado 12-28535] Process started - Wed May 13 14:10:12 2026

INFO: [Vivado 12-12493] Simulation top is 'urat_loopback_tb'
INFO: [Vivado 12-5682] Launching behavioral simulation in 'C:/Users/raiab/Downloads/vivado_projects/project/project.sim/sim_1/behav/xsim'
INFO: [SIM-utils-51] Simulation object is 'sim_1'
INFO: [USF-XSim-3] XSim::Elaborate design
INFO: [USF-XSim-61] Executing 'ELABORATE' step in 'C:/Users/raiab/Downloads/vivado_projects/project/project.sim/sim_1/behav/xsim'
"xelab --incr --debug typical --relax --mt 2 -L xil_defaultlib -L unisims_ver -L unimacro_ver -L secureip --snapshot urat_loopback_tb_behav xil_defaultlib.urat_loopback_tb xil_defaultlib.glbl -log elaborate.log"
Vivado Simulator v2025.2
Copyright 1986-2022 Xilinx, Inc. All Rights Reserved.
Copyright 2022-2025 Advanced Micro Devices, Inc. All Rights Reserved.
Running: C:/AMDDesignTools/.xinstall/2025.2/Vivado/bin/unwrapped/win64.o/xelab.exe --incr --debug typical --relax --mt 2 -L xil_defaultlib -L unisims_ver -L unimacro_ver -L secureip --snapshot urat_loopback_tb_behav xil_defaultlib.urat_loopback_tb xil_defaultlib.glbl -log elaborate.log 
Using 2 slave threads.
Starting static elaboration
Pass Through NonSizing Optimizer
Completed static elaboration
INFO: [XSIM 43-4323] No Change in HDL. Linking previously generated obj files to create kernel
INFO: [USF-XSim-69] 'elaborate' step finished in '1' seconds
Time resolution is 1 ps
relaunch_sim: Time (s): cpu = 00:00:01 ; elapsed = 00:00:06 . Memory (MB): peak = 3350.078 ; gain = 0.000
WARNING: [filemgmt 56-199] Attempt to get parsing info during refresh. "On-the-fly" syntax checking information may be incorrect. [C:\Users\raiab\Downloads\vivado_projects\project\project.srcs\sim_1\new\urat_tb.v:]
WARNING: [filemgmt 56-199] Attempt to get parsing info during refresh. "On-the-fly" syntax checking information may be incorrect. [C:\Users\raiab\Downloads\vivado_projects\project\project.srcs\sources_1\new\urat_tx.v:]
WARNING: [filemgmt 56-199] Attempt to get parsing info during refresh. "On-the-fly" syntax checking information may be incorrect. [C:\Users\raiab\Downloads\vivado_projects\project\project.srcs\sources_1\new\urat_rx.v:]
WARNING: [filemgmt 56-199] Attempt to get parsing info during refresh. "On-the-fly" syntax checking information may be incorrect. [C:\Users\raiab\Downloads\vivado_projects\project\project.srcs\sim_1\new\urat_loopback_tb.v:]
WARNING: [filemgmt 56-199] Attempt to get parsing info during refresh. "On-the-fly" syntax checking information may be incorrect. [C:\Users\raiab\Downloads\vivado_projects\project\project.srcs\sources_1\new\urat_tx.v:]
WARNING: [filemgmt 56-199] Attempt to get parsing info during refresh. "On-the-fly" syntax checking information may be incorrect. [C:\Users\raiab\Downloads\vivado_projects\project\project.srcs\sources_1\new\urat_tx.v:]
WARNING: [filemgmt 56-199] Attempt to get parsing info during refresh. "On-the-fly" syntax checking information may be incorrect. [C:\Users\raiab\Downloads\vivado_projects\project\project.srcs\sim_1\new\urat_tb.v:]
WARNING: [filemgmt 56-199] Attempt to get parsing info during refresh. "On-the-fly" syntax checking information may be incorrect. [C:\Users\raiab\Downloads\vivado_projects\project\project.srcs\sources_1\new\urat_tx.v:]
WARNING: [filemgmt 56-199] Attempt to get parsing info during refresh. "On-the-fly" syntax checking information may be incorrect. [C:\Users\raiab\Downloads\vivado_projects\project\project.srcs\sources_1\new\urat_rx.v:]
WARNING: [filemgmt 56-199] Attempt to get parsing info during refresh. "On-the-fly" syntax checking information may be incorrect. [C:\Users\raiab\Downloads\vivado_projects\project\project.srcs\sim_1\new\urat_loopback_tb.v:]
WARNING: [filemgmt 56-199] Attempt to get parsing info during refresh. "On-the-fly" syntax checking information may be incorrect. [C:\Users\raiab\Downloads\vivado_projects\project\project.srcs\sources_1\new\urat_rx.v:]
WARNING: [filemgmt 56-199] Attempt to get parsing info during refresh. "On-the-fly" syntax checking information may be incorrect. [C:\Users\raiab\Downloads\vivado_projects\project\project.srcs\sources_1\new\urat_rx.v:]
ERROR: [Common 17-180] Spawn failed: The operation completed successfully.

WARNING: [filemgmt 56-199] Attempt to get parsing info during refresh. "On-the-fly" syntax checking information may be incorrect. [C:\Users\raiab\Downloads\vivado_projects\project\project.srcs\sim_1\new\urat_tb.v:]
WARNING: [filemgmt 56-199] Attempt to get parsing info during refresh. "On-the-fly" syntax checking information may be incorrect. [C:\Users\raiab\Downloads\vivado_projects\project\project.srcs\sources_1\new\urat_tx.v:]
WARNING: [filemgmt 56-199] Attempt to get parsing info during refresh. "On-the-fly" syntax checking information may be incorrect. [C:\Users\raiab\Downloads\vivado_projects\project\project.srcs\sources_1\new\urat_rx.v:]
WARNING: [filemgmt 56-199] Attempt to get parsing info during refresh. "On-the-fly" syntax checking information may be incorrect. [C:\Users\raiab\Downloads\vivado_projects\project\project.srcs\sim_1\new\urat_loopback_tb.v:]
WARNING: [filemgmt 56-199] Attempt to get parsing info during refresh. "On-the-fly" syntax checking information may be incorrect. [C:\Users\raiab\Downloads\vivado_projects\project\project.srcs\sim_1\new\urat_tb.v:]
WARNING: [filemgmt 56-199] Attempt to get parsing info during refresh. "On-the-fly" syntax checking information may be incorrect. [C:\Users\raiab\Downloads\vivado_projects\project\project.srcs\sim_1\new\urat_tb.v:]
ERROR: [Common 17-180] Spawn failed: The operation completed successfully.

relaunch_sim
Command: launch_simulation -step compile -simset sim_1 -mode behavioral
INFO: [Vivado 12-25911] Executing simulation for 'XSim' simulator
INFO: [Vivado 12-28535] Process started - Wed May 13 14:12:19 2026

INFO: [Vivado 12-12493] Simulation top is 'urat_loopback_tb'
INFO: [Vivado 12-5682] Launching behavioral simulation in 'C:/Users/raiab/Downloads/vivado_projects/project/project.sim/sim_1/behav/xsim'
INFO: [SIM-utils-51] Simulation object is 'sim_1'
INFO: [USF-XSim-2] XSim::Compile design
INFO: [USF-XSim-61] Executing 'COMPILE and ANALYZE' step in 'C:/Users/raiab/Downloads/vivado_projects/project/project.sim/sim_1/behav/xsim'
"xvlog --incr --relax -prj urat_loopback_tb_vlog.prj"
INFO: [VRFC 10-2263] Analyzing Verilog file "C:/Users/raiab/Downloads/vivado_projects/project/project.srcs/sources_1/new/urat_rx.v" into library xil_defaultlib
INFO: [VRFC 10-311] analyzing module urat_rx
INFO: [VRFC 10-2263] Analyzing Verilog file "C:/Users/raiab/Downloads/vivado_projects/project/project.srcs/sources_1/new/urat_tx.v" into library xil_defaultlib
INFO: [VRFC 10-311] analyzing module urat_tx
INFO: [VRFC 10-2263] Analyzing Verilog file "C:/Users/raiab/Downloads/vivado_projects/project/project.srcs/sim_1/new/urat_loopback_tb.v" into library xil_defaultlib
INFO: [VRFC 10-311] analyzing module urat_loopback_tb
INFO: [USF-XSim-69] 'compile' step finished in '2' seconds
Command: launch_simulation -step elaborate -simset sim_1 -mode behavioral
INFO: [Vivado 12-25911] Executing simulation for 'XSim' simulator
INFO: [Vivado 12-28535] Process started - Wed May 13 14:12:21 2026

INFO: [Vivado 12-12493] Simulation top is 'urat_loopback_tb'
INFO: [Vivado 12-5682] Launching behavioral simulation in 'C:/Users/raiab/Downloads/vivado_projects/project/project.sim/sim_1/behav/xsim'
INFO: [SIM-utils-51] Simulation object is 'sim_1'
INFO: [USF-XSim-3] XSim::Elaborate design
INFO: [USF-XSim-61] Executing 'ELABORATE' step in 'C:/Users/raiab/Downloads/vivado_projects/project/project.sim/sim_1/behav/xsim'
"xelab --incr --debug typical --relax --mt 2 -L xil_defaultlib -L unisims_ver -L unimacro_ver -L secureip --snapshot urat_loopback_tb_behav xil_defaultlib.urat_loopback_tb xil_defaultlib.glbl -log elaborate.log"
Vivado Simulator v2025.2
Copyright 1986-2022 Xilinx, Inc. All Rights Reserved.
Copyright 2022-2025 Advanced Micro Devices, Inc. All Rights Reserved.
Running: C:/AMDDesignTools/.xinstall/2025.2/Vivado/bin/unwrapped/win64.o/xelab.exe --incr --debug typical --relax --mt 2 -L xil_defaultlib -L unisims_ver -L unimacro_ver -L secureip --snapshot urat_loopback_tb_behav xil_defaultlib.urat_loopback_tb xil_defaultlib.glbl -log elaborate.log 
Using 2 slave threads.
Starting static elaboration
Pass Through NonSizing Optimizer
Completed static elaboration
Starting simulation data flow analysis
Completed simulation data flow analysis
Time Resolution for simulation is 1ps
Compiling module xil_defaultlib.urat_tx
Compiling module xil_defaultlib.urat_rx
Compiling module xil_defaultlib.urat_loopback_tb
Compiling module xil_defaultlib.glbl
Built simulation snapshot urat_loopback_tb_behav
INFO: [USF-XSim-69] 'elaborate' step finished in '3' seconds
Time resolution is 1 ps
relaunch_sim: Time (s): cpu = 00:00:00 ; elapsed = 00:00:08 . Memory (MB): peak = 3350.078 ; gain = 0.000
current_wave_config {Untitled 2}
Untitled 2
add_wave {{/urat_loopback_tb/urv/stop}} 
relaunch_sim
WARNING: [filemgmt 56-199] Attempt to get parsing info during refresh. "On-the-fly" syntax checking information may be incorrect. [C:\Users\raiab\Downloads\vivado_projects\project\project.srcs\sim_1\new\urat_tb.v:]
WARNING: [filemgmt 56-199] Attempt to get parsing info during refresh. "On-the-fly" syntax checking information may be incorrect. [C:\Users\raiab\Downloads\vivado_projects\project\project.srcs\sources_1\new\urat_tx.v:]
WARNING: [filemgmt 56-199] Attempt to get parsing info during refresh. "On-the-fly" syntax checking information may be incorrect. [C:\Users\raiab\Downloads\vivado_projects\project\project.srcs\sources_1\new\urat_rx.v:]
WARNING: [filemgmt 56-199] Attempt to get parsing info during refresh. "On-the-fly" syntax checking information may be incorrect. [C:\Users\raiab\Downloads\vivado_projects\project\project.srcs\sim_1\new\urat_loopback_tb.v:]
WARNING: [filemgmt 56-199] Attempt to get parsing info during refresh. "On-the-fly" syntax checking information may be incorrect. [C:\Users\raiab\Downloads\vivado_projects\project\project.srcs\sources_1\new\urat_tx.v:]
WARNING: [filemgmt 56-199] Attempt to get parsing info during refresh. "On-the-fly" syntax checking information may be incorrect. [C:\Users\raiab\Downloads\vivado_projects\project\project.srcs\sources_1\new\urat_tx.v:]
WARNING: [filemgmt 56-199] Attempt to get parsing info during refresh. "On-the-fly" syntax checking information may be incorrect. [C:\Users\raiab\Downloads\vivado_projects\project\project.srcs\sim_1\new\urat_tb.v:]
WARNING: [filemgmt 56-199] Attempt to get parsing info during refresh. "On-the-fly" syntax checking information may be incorrect. [C:\Users\raiab\Downloads\vivado_projects\project\project.srcs\sources_1\new\urat_tx.v:]
WARNING: [filemgmt 56-199] Attempt to get parsing info during refresh. "On-the-fly" syntax checking information may be incorrect. [C:\Users\raiab\Downloads\vivado_projects\project\project.srcs\sources_1\new\urat_rx.v:]
WARNING: [filemgmt 56-199] Attempt to get parsing info during refresh. "On-the-fly" syntax checking information may be incorrect. [C:\Users\raiab\Downloads\vivado_projects\project\project.srcs\sim_1\new\urat_loopback_tb.v:]
WARNING: [filemgmt 56-199] Attempt to get parsing info during refresh. "On-the-fly" syntax checking information may be incorrect. [C:\Users\raiab\Downloads\vivado_projects\project\project.srcs\sim_1\new\urat_tb.v:]
WARNING: [filemgmt 56-199] Attempt to get parsing info during refresh. "On-the-fly" syntax checking information may be incorrect. [C:\Users\raiab\Downloads\vivado_projects\project\project.srcs\sim_1\new\urat_tb.v:]
WARNING: [filemgmt 56-199] Attempt to get parsing info during refresh. "On-the-fly" syntax checking information may be incorrect. [C:\Users\raiab\Downloads\vivado_projects\project\project.srcs\sim_1\new\urat_tb.v:]
WARNING: [filemgmt 56-199] Attempt to get parsing info during refresh. "On-the-fly" syntax checking information may be incorrect. [C:\Users\raiab\Downloads\vivado_projects\project\project.srcs\sources_1\new\urat_tx.v:]
WARNING: [filemgmt 56-199] Attempt to get parsing info during refresh. "On-the-fly" syntax checking information may be incorrect. [C:\Users\raiab\Downloads\vivado_projects\project\project.srcs\sources_1\new\urat_rx.v:]
WARNING: [filemgmt 56-199] Attempt to get parsing info during refresh. "On-the-fly" syntax checking information may be incorrect. [C:\Users\raiab\Downloads\vivado_projects\project\project.srcs\sim_1\new\urat_loopback_tb.v:]
WARNING: [filemgmt 56-199] Attempt to get parsing info during refresh. "On-the-fly" syntax checking information may be incorrect. [C:\Users\raiab\Downloads\vivado_projects\project\project.srcs\sources_1\new\urat_rx.v:]
WARNING: [filemgmt 56-199] Attempt to get parsing info during refresh. "On-the-fly" syntax checking information may be incorrect. [C:\Users\raiab\Downloads\vivado_projects\project\project.srcs\sources_1\new\urat_rx.v:]
Command: launch_simulation -step compile -simset sim_1 -mode behavioral
INFO: [Vivado 12-25911] Executing simulation for 'XSim' simulator
INFO: [Vivado 12-28535] Process started - Wed May 13 14:21:34 2026

INFO: [Vivado 12-12493] Simulation top is 'urat_loopback_tb'
ERROR: [Common 17-180] Spawn failed: The operation completed successfully.

INFO: [Vivado 12-5682] Launching behavioral simulation in 'C:/Users/raiab/Downloads/vivado_projects/project/project.sim/sim_1/behav/xsim'
INFO: [SIM-utils-51] Simulation object is 'sim_1'
INFO: [USF-XSim-2] XSim::Compile design
INFO: [USF-XSim-61] Executing 'COMPILE and ANALYZE' step in 'C:/Users/raiab/Downloads/vivado_projects/project/project.sim/sim_1/behav/xsim'
"xvlog --incr --relax -prj urat_loopback_tb_vlog.prj"
INFO: [VRFC 10-2263] Analyzing Verilog file "C:/Users/raiab/Downloads/vivado_projects/project/project.srcs/sources_1/new/urat_rx.v" into library xil_defaultlib
INFO: [VRFC 10-311] analyzing module urat_rx
INFO: [VRFC 10-2263] Analyzing Verilog file "C:/Users/raiab/Downloads/vivado_projects/project/project.srcs/sources_1/new/urat_tx.v" into library xil_defaultlib
INFO: [VRFC 10-311] analyzing module urat_tx
INFO: [VRFC 10-2263] Analyzing Verilog file "C:/Users/raiab/Downloads/vivado_projects/project/project.srcs/sim_1/new/urat_loopback_tb.v" into library xil_defaultlib
INFO: [VRFC 10-311] analyzing module urat_loopback_tb
INFO: [USF-XSim-69] 'compile' step finished in '2' seconds
ERROR: [Common 17-39] 'launch_simulation' failed due to earlier errors.
ERROR: [Common 17-69] Command failed: ERROR: [Common 17-39] 'launch_simulation' failed due to earlier errors.

close_sim
INFO: [Simtcl 6-16] Simulation closed
launch_simulation
Command: launch_simulation 
INFO: [Vivado 12-25911] Executing simulation for 'XSim' simulator
INFO: [Vivado 12-28535] Process started - Wed May 13 14:22:01 2026

INFO: [Vivado 12-12493] Simulation top is 'urat_loopback_tb'
INFO: [Vivado 12-5682] Launching behavioral simulation in 'C:/Users/raiab/Downloads/vivado_projects/project/project.sim/sim_1/behav/xsim'
INFO: [SIM-utils-51] Simulation object is 'sim_1'
INFO: [SIM-utils-72] Using boost library from 'C:/AMDDesignTools/.xinstall/2025.2/Vivado/tps/boost_1_72_0'
INFO: [SIM-utils-54] Inspecting design source files for 'urat_loopback_tb' in fileset 'sim_1'...
INFO: [USF-XSim-97] Finding global include files...
INFO: [USF-XSim-98] Fetching design files from 'sim_1'...
INFO: [USF-XSim-2] XSim::Compile design
INFO: [USF-XSim-61] Executing 'COMPILE and ANALYZE' step in 'C:/Users/raiab/Downloads/vivado_projects/project/project.sim/sim_1/behav/xsim'
"xvlog --incr --relax -prj urat_loopback_tb_vlog.prj"
INFO: [USF-XSim-69] 'compile' step finished in '2' seconds
INFO: [USF-XSim-3] XSim::Elaborate design
INFO: [USF-XSim-61] Executing 'ELABORATE' step in 'C:/Users/raiab/Downloads/vivado_projects/project/project.sim/sim_1/behav/xsim'
"xelab --incr --debug typical --relax --mt 2 -L xil_defaultlib -L unisims_ver -L unimacro_ver -L secureip --snapshot urat_loopback_tb_behav xil_defaultlib.urat_loopback_tb xil_defaultlib.glbl -log elaborate.log"
Vivado Simulator v2025.2
Copyright 1986-2022 Xilinx, Inc. All Rights Reserved.
Copyright 2022-2025 Advanced Micro Devices, Inc. All Rights Reserved.
Running: C:/AMDDesignTools/.xinstall/2025.2/Vivado/bin/unwrapped/win64.o/xelab.exe --incr --debug typical --relax --mt 2 -L xil_defaultlib -L unisims_ver -L unimacro_ver -L secureip --snapshot urat_loopback_tb_behav xil_defaultlib.urat_loopback_tb xil_defaultlib.glbl -log elaborate.log 
Using 2 slave threads.
Starting static elaboration
Pass Through NonSizing Optimizer
Completed static elaboration
Starting simulation data flow analysis
Completed simulation data flow analysis
Time Resolution for simulation is 1ps
Compiling module xil_defaultlib.urat_tx
Compiling module xil_defaultlib.urat_rx
Compiling module xil_defaultlib.urat_loopback_tb
Compiling module xil_defaultlib.glbl
Built simulation snapshot urat_loopback_tb_behav
INFO: [USF-XSim-69] 'elaborate' step finished in '2' seconds
INFO: [USF-XSim-4] XSim::Simulate design
INFO: [USF-XSim-61] Executing 'SIMULATE' step in 'C:/Users/raiab/Downloads/vivado_projects/project/project.sim/sim_1/behav/xsim'
INFO: [USF-XSim-98] *** Running xsim
   with args "urat_loopback_tb_behav -key {Behavioral:sim_1:Functional:urat_loopback_tb} -tclbatch {urat_loopback_tb.tcl} -log {simulate.log}"
INFO: [USF-XSim-8] Loading simulator feature
Time resolution is 1 ps
source urat_loopback_tb.tcl
# set curr_wave [current_wave_config]
# if { [string length $curr_wave] == 0 } {
#   if { [llength [get_objects]] > 0} {
#     add_wave /
#     set_property needs_save false [current_wave_config]
#   } else {
#      send_msg_id Add_Wave-1 WARNING "No top level signals found. Simulator will start without a wave window. If you want to open a wave window go to 'File->New Waveform Configuration' or type 'create_wave_config' in the TCL console."
#   }
# }
# run 1000ns
INFO: [USF-XSim-96] XSim completed. Design snapshot 'urat_loopback_tb_behav' loaded.
INFO: [USF-XSim-97] XSim simulation ran for 1000ns
launch_simulation: Time (s): cpu = 00:00:02 ; elapsed = 00:00:06 . Memory (MB): peak = 3350.078 ; gain = 0.000
current_wave_config {Untitled 3}
Untitled 3
add_wave {{/urat_loopback_tb/urv/stop}} 
relaunch_sim
Command: launch_simulation -step compile -simset sim_1 -mode behavioral
INFO: [Vivado 12-25911] Executing simulation for 'XSim' simulator
INFO: [Vivado 12-28535] Process started - Wed May 13 14:22:20 2026

INFO: [Vivado 12-12493] Simulation top is 'urat_loopback_tb'
INFO: [Vivado 12-5682] Launching behavioral simulation in 'C:/Users/raiab/Downloads/vivado_projects/project/project.sim/sim_1/behav/xsim'
INFO: [SIM-utils-51] Simulation object is 'sim_1'
INFO: [USF-XSim-2] XSim::Compile design
INFO: [USF-XSim-61] Executing 'COMPILE and ANALYZE' step in 'C:/Users/raiab/Downloads/vivado_projects/project/project.sim/sim_1/behav/xsim'
"xvlog --incr --relax -prj urat_loopback_tb_vlog.prj"
INFO: [USF-XSim-69] 'compile' step finished in '2' seconds
Command: launch_simulation -step elaborate -simset sim_1 -mode behavioral
INFO: [Vivado 12-25911] Executing simulation for 'XSim' simulator
INFO: [Vivado 12-28535] Process started - Wed May 13 14:22:22 2026

INFO: [Vivado 12-12493] Simulation top is 'urat_loopback_tb'
INFO: [Vivado 12-5682] Launching behavioral simulation in 'C:/Users/raiab/Downloads/vivado_projects/project/project.sim/sim_1/behav/xsim'
INFO: [SIM-utils-51] Simulation object is 'sim_1'
INFO: [USF-XSim-3] XSim::Elaborate design
INFO: [USF-XSim-61] Executing 'ELABORATE' step in 'C:/Users/raiab/Downloads/vivado_projects/project/project.sim/sim_1/behav/xsim'
"xelab --incr --debug typical --relax --mt 2 -L xil_defaultlib -L unisims_ver -L unimacro_ver -L secureip --snapshot urat_loopback_tb_behav xil_defaultlib.urat_loopback_tb xil_defaultlib.glbl -log elaborate.log"
Vivado Simulator v2025.2
Copyright 1986-2022 Xilinx, Inc. All Rights Reserved.
Copyright 2022-2025 Advanced Micro Devices, Inc. All Rights Reserved.
Running: C:/AMDDesignTools/.xinstall/2025.2/Vivado/bin/unwrapped/win64.o/xelab.exe --incr --debug typical --relax --mt 2 -L xil_defaultlib -L unisims_ver -L unimacro_ver -L secureip --snapshot urat_loopback_tb_behav xil_defaultlib.urat_loopback_tb xil_defaultlib.glbl -log elaborate.log 
Using 2 slave threads.
Starting static elaboration
Pass Through NonSizing Optimizer
Completed static elaboration
INFO: [XSIM 43-4323] No Change in HDL. Linking previously generated obj files to create kernel
INFO: [USF-XSim-69] 'elaborate' step finished in '1' seconds
Time resolution is 1 ps
relaunch_sim: Time (s): cpu = 00:00:01 ; elapsed = 00:00:05 . Memory (MB): peak = 3350.078 ; gain = 0.000
relaunch_sim
Command: launch_simulation -step compile -simset sim_1 -mode behavioral
INFO: [Vivado 12-25911] Executing simulation for 'XSim' simulator
INFO: [Vivado 12-28535] Process started - Wed May 13 14:24:01 2026

INFO: [Vivado 12-12493] Simulation top is 'urat_loopback_tb'
INFO: [Vivado 12-5682] Launching behavioral simulation in 'C:/Users/raiab/Downloads/vivado_projects/project/project.sim/sim_1/behav/xsim'
INFO: [SIM-utils-51] Simulation object is 'sim_1'
INFO: [USF-XSim-2] XSim::Compile design
INFO: [USF-XSim-61] Executing 'COMPILE and ANALYZE' step in 'C:/Users/raiab/Downloads/vivado_projects/project/project.sim/sim_1/behav/xsim'
"xvlog --incr --relax -prj urat_loopback_tb_vlog.prj"
INFO: [USF-XSim-69] 'compile' step finished in '1' seconds
Command: launch_simulation -step elaborate -simset sim_1 -mode behavioral
INFO: [Vivado 12-25911] Executing simulation for 'XSim' simulator
INFO: [Vivado 12-28535] Process started - Wed May 13 14:24:03 2026

INFO: [Vivado 12-12493] Simulation top is 'urat_loopback_tb'
INFO: [Vivado 12-5682] Launching behavioral simulation in 'C:/Users/raiab/Downloads/vivado_projects/project/project.sim/sim_1/behav/xsim'
INFO: [SIM-utils-51] Simulation object is 'sim_1'
INFO: [USF-XSim-3] XSim::Elaborate design
INFO: [USF-XSim-61] Executing 'ELABORATE' step in 'C:/Users/raiab/Downloads/vivado_projects/project/project.sim/sim_1/behav/xsim'
"xelab --incr --debug typical --relax --mt 2 -L xil_defaultlib -L unisims_ver -L unimacro_ver -L secureip --snapshot urat_loopback_tb_behav xil_defaultlib.urat_loopback_tb xil_defaultlib.glbl -log elaborate.log"
Vivado Simulator v2025.2
Copyright 1986-2022 Xilinx, Inc. All Rights Reserved.
Copyright 2022-2025 Advanced Micro Devices, Inc. All Rights Reserved.
Running: C:/AMDDesignTools/.xinstall/2025.2/Vivado/bin/unwrapped/win64.o/xelab.exe --incr --debug typical --relax --mt 2 -L xil_defaultlib -L unisims_ver -L unimacro_ver -L secureip --snapshot urat_loopback_tb_behav xil_defaultlib.urat_loopback_tb xil_defaultlib.glbl -log elaborate.log 
Using 2 slave threads.
Starting static elaboration
Pass Through NonSizing Optimizer
Completed static elaboration
INFO: [XSIM 43-4323] No Change in HDL. Linking previously generated obj files to create kernel
INFO: [USF-XSim-69] 'elaborate' step finished in '2' seconds
Time resolution is 1 ps
relaunch_sim: Time (s): cpu = 00:00:01 ; elapsed = 00:00:06 . Memory (MB): peak = 3350.078 ; gain = 0.000
WARNING: [filemgmt 56-199] Attempt to get parsing info during refresh. "On-the-fly" syntax checking information may be incorrect. [C:\Users\raiab\Downloads\vivado_projects\project\project.srcs\sim_1\new\urat_tb.v:]
WARNING: [filemgmt 56-199] Attempt to get parsing info during refresh. "On-the-fly" syntax checking information may be incorrect. [C:\Users\raiab\Downloads\vivado_projects\project\project.srcs\sources_1\new\urat_tx.v:]
WARNING: [filemgmt 56-199] Attempt to get parsing info during refresh. "On-the-fly" syntax checking information may be incorrect. [C:\Users\raiab\Downloads\vivado_projects\project\project.srcs\sources_1\new\urat_rx.v:]
WARNING: [filemgmt 56-199] Attempt to get parsing info during refresh. "On-the-fly" syntax checking information may be incorrect. [C:\Users\raiab\Downloads\vivado_projects\project\project.srcs\sim_1\new\urat_loopback_tb.v:]
WARNING: [filemgmt 56-199] Attempt to get parsing info during refresh. "On-the-fly" syntax checking information may be incorrect. [C:\Users\raiab\Downloads\vivado_projects\project\project.srcs\sources_1\new\urat_tx.v:]
WARNING: [filemgmt 56-199] Attempt to get parsing info during refresh. "On-the-fly" syntax checking information may be incorrect. [C:\Users\raiab\Downloads\vivado_projects\project\project.srcs\sources_1\new\urat_tx.v:]
WARNING: [filemgmt 56-199] Attempt to get parsing info during refresh. "On-the-fly" syntax checking information may be incorrect. [C:\Users\raiab\Downloads\vivado_projects\project\project.srcs\sim_1\new\urat_tb.v:]
WARNING: [filemgmt 56-199] Attempt to get parsing info during refresh. "On-the-fly" syntax checking information may be incorrect. [C:\Users\raiab\Downloads\vivado_projects\project\project.srcs\sources_1\new\urat_tx.v:]
WARNING: [filemgmt 56-199] Attempt to get parsing info during refresh. "On-the-fly" syntax checking information may be incorrect. [C:\Users\raiab\Downloads\vivado_projects\project\project.srcs\sources_1\new\urat_rx.v:]
WARNING: [filemgmt 56-199] Attempt to get parsing info during refresh. "On-the-fly" syntax checking information may be incorrect. [C:\Users\raiab\Downloads\vivado_projects\project\project.srcs\sim_1\new\urat_loopback_tb.v:]
WARNING: [filemgmt 56-199] Attempt to get parsing info during refresh. "On-the-fly" syntax checking information may be incorrect. [C:\Users\raiab\Downloads\vivado_projects\project\project.srcs\sources_1\new\urat_rx.v:]
WARNING: [filemgmt 56-199] Attempt to get parsing info during refresh. "On-the-fly" syntax checking information may be incorrect. [C:\Users\raiab\Downloads\vivado_projects\project\project.srcs\sources_1\new\urat_rx.v:]
WARNING: [filemgmt 56-199] Attempt to get parsing info during refresh. "On-the-fly" syntax checking information may be incorrect. [C:\Users\raiab\Downloads\vivado_projects\project\project.srcs\sim_1\new\urat_tb.v:]
WARNING: [filemgmt 56-199] Attempt to get parsing info during refresh. "On-the-fly" syntax checking information may be incorrect. [C:\Users\raiab\Downloads\vivado_projects\project\project.srcs\sources_1\new\urat_tx.v:]
WARNING: [filemgmt 56-199] Attempt to get parsing info during refresh. "On-the-fly" syntax checking information may be incorrect. [C:\Users\raiab\Downloads\vivado_projects\project\project.srcs\sources_1\new\urat_rx.v:]
WARNING: [filemgmt 56-199] Attempt to get parsing info during refresh. "On-the-fly" syntax checking information may be incorrect. [C:\Users\raiab\Downloads\vivado_projects\project\project.srcs\sim_1\new\urat_loopback_tb.v:]
WARNING: [filemgmt 56-199] Attempt to get parsing info during refresh. "On-the-fly" syntax checking information may be incorrect. [C:\Users\raiab\Downloads\vivado_projects\project\project.srcs\sim_1\new\urat_tb.v:]
WARNING: [filemgmt 56-199] Attempt to get parsing info during refresh. "On-the-fly" syntax checking information may be incorrect. [C:\Users\raiab\Downloads\vivado_projects\project\project.srcs\sim_1\new\urat_tb.v:]
ERROR: [Common 17-180] Spawn failed: The operation completed successfully.

WARNING: [filemgmt 56-199] Attempt to get parsing info during refresh. "On-the-fly" syntax checking information may be incorrect. [C:\Users\raiab\Downloads\vivado_projects\project\project.srcs\sim_1\new\urat_tb.v:]
WARNING: [filemgmt 56-199] Attempt to get parsing info during refresh. "On-the-fly" syntax checking information may be incorrect. [C:\Users\raiab\Downloads\vivado_projects\project\project.srcs\sources_1\new\urat_tx.v:]
WARNING: [filemgmt 56-199] Attempt to get parsing info during refresh. "On-the-fly" syntax checking information may be incorrect. [C:\Users\raiab\Downloads\vivado_projects\project\project.srcs\sources_1\new\urat_rx.v:]
WARNING: [filemgmt 56-199] Attempt to get parsing info during refresh. "On-the-fly" syntax checking information may be incorrect. [C:\Users\raiab\Downloads\vivado_projects\project\project.srcs\sim_1\new\urat_loopback_tb.v:]
WARNING: [filemgmt 56-199] Attempt to get parsing info during refresh. "On-the-fly" syntax checking information may be incorrect. [C:\Users\raiab\Downloads\vivado_projects\project\project.srcs\sim_1\new\urat_tb.v:]
WARNING: [filemgmt 56-199] Attempt to get parsing info during refresh. "On-the-fly" syntax checking information may be incorrect. [C:\Users\raiab\Downloads\vivado_projects\project\project.srcs\sim_1\new\urat_tb.v:]
ERROR: [Common 17-180] Spawn failed: The operation completed successfully.

close_sim
WARNING: [filemgmt 56-199] Attempt to get parsing info during refresh. "On-the-fly" syntax checking information may be incorrect. [C:\Users\raiab\Downloads\vivado_projects\project\project.srcs\sim_1\new\urat_tb.v:]
WARNING: [filemgmt 56-199] Attempt to get parsing info during refresh. "On-the-fly" syntax checking information may be incorrect. [C:\Users\raiab\Downloads\vivado_projects\project\project.srcs\sources_1\new\urat_tx.v:]
WARNING: [filemgmt 56-199] Attempt to get parsing info during refresh. "On-the-fly" syntax checking information may be incorrect. [C:\Users\raiab\Downloads\vivado_projects\project\project.srcs\sources_1\new\urat_rx.v:]
WARNING: [filemgmt 56-199] Attempt to get parsing info during refresh. "On-the-fly" syntax checking information may be incorrect. [C:\Users\raiab\Downloads\vivado_projects\project\project.srcs\sim_1\new\urat_loopback_tb.v:]
WARNING: [filemgmt 56-199] Attempt to get parsing info during refresh. "On-the-fly" syntax checking information may be incorrect. [C:\Users\raiab\Downloads\vivado_projects\project\project.srcs\sim_1\new\urat_loopback_tb.v:]
WARNING: [filemgmt 56-199] Attempt to get parsing info during refresh. "On-the-fly" syntax checking information may be incorrect. [C:\Users\raiab\Downloads\vivado_projects\project\project.srcs\sim_1\new\urat_loopback_tb.v:]
WARNING: [filemgmt 56-199] Attempt to get parsing info during refresh. "On-the-fly" syntax checking information may be incorrect. [C:\Users\raiab\Downloads\vivado_projects\project\project.srcs\sim_1\new\urat_tb.v:]
WARNING: [filemgmt 56-199] Attempt to get parsing info during refresh. "On-the-fly" syntax checking information may be incorrect. [C:\Users\raiab\Downloads\vivado_projects\project\project.srcs\sources_1\new\urat_tx.v:]
WARNING: [filemgmt 56-199] Attempt to get parsing info during refresh. "On-the-fly" syntax checking information may be incorrect. [C:\Users\raiab\Downloads\vivado_projects\project\project.srcs\sources_1\new\urat_rx.v:]
WARNING: [filemgmt 56-199] Attempt to get parsing info during refresh. "On-the-fly" syntax checking information may be incorrect. [C:\Users\raiab\Downloads\vivado_projects\project\project.srcs\sim_1\new\urat_loopback_tb.v:]
WARNING: [filemgmt 56-199] Attempt to get parsing info during refresh. "On-the-fly" syntax checking information may be incorrect. [C:\Users\raiab\Downloads\vivado_projects\project\project.srcs\sources_1\new\urat_tx.v:]
WARNING: [filemgmt 56-199] Attempt to get parsing info during refresh. "On-the-fly" syntax checking information may be incorrect. [C:\Users\raiab\Downloads\vivado_projects\project\project.srcs\sources_1\new\urat_tx.v:]
INFO: [Simtcl 6-16] Simulation closed
WARNING: [filemgmt 56-199] Attempt to get parsing info during refresh. "On-the-fly" syntax checking information may be incorrect. [C:\Users\raiab\Downloads\vivado_projects\project\project.srcs\sim_1\new\urat_tb.v:]
WARNING: [filemgmt 56-199] Attempt to get parsing info during refresh. "On-the-fly" syntax checking information may be incorrect. [C:\Users\raiab\Downloads\vivado_projects\project\project.srcs\sources_1\new\urat_tx.v:]
WARNING: [filemgmt 56-199] Attempt to get parsing info during refresh. "On-the-fly" syntax checking information may be incorrect. [C:\Users\raiab\Downloads\vivado_projects\project\project.srcs\sources_1\new\urat_rx.v:]
WARNING: [filemgmt 56-199] Attempt to get parsing info during refresh. "On-the-fly" syntax checking information may be incorrect. [C:\Users\raiab\Downloads\vivado_projects\project\project.srcs\sim_1\new\urat_loopback_tb.v:]
WARNING: [filemgmt 56-199] Attempt to get parsing info during refresh. "On-the-fly" syntax checking information may be incorrect. [C:\Users\raiab\Downloads\vivado_projects\project\project.srcs\sources_1\new\urat_rx.v:]
WARNING: [filemgmt 56-199] Attempt to get parsing info during refresh. "On-the-fly" syntax checking information may be incorrect. [C:\Users\raiab\Downloads\vivado_projects\project\project.srcs\sources_1\new\urat_rx.v:]
launch_simulation
Command: launch_simulation 
INFO: [Vivado 12-25911] Executing simulation for 'XSim' simulator
INFO: [Vivado 12-28535] Process started - Wed May 13 14:29:41 2026

INFO: [Vivado 12-12493] Simulation top is 'urat_loopback_tb'
INFO: [Vivado 12-5682] Launching behavioral simulation in 'C:/Users/raiab/Downloads/vivado_projects/project/project.sim/sim_1/behav/xsim'
INFO: [SIM-utils-51] Simulation object is 'sim_1'
INFO: [SIM-utils-72] Using boost library from 'C:/AMDDesignTools/.xinstall/2025.2/Vivado/tps/boost_1_72_0'
INFO: [SIM-utils-54] Inspecting design source files for 'urat_loopback_tb' in fileset 'sim_1'...
INFO: [USF-XSim-97] Finding global include files...
INFO: [USF-XSim-98] Fetching design files from 'sim_1'...
INFO: [USF-XSim-2] XSim::Compile design
INFO: [USF-XSim-61] Executing 'COMPILE and ANALYZE' step in 'C:/Users/raiab/Downloads/vivado_projects/project/project.sim/sim_1/behav/xsim'
"xvlog --incr --relax -prj urat_loopback_tb_vlog.prj"
INFO: [VRFC 10-2263] Analyzing Verilog file "C:/Users/raiab/Downloads/vivado_projects/project/project.srcs/sources_1/new/urat_rx.v" into library xil_defaultlib
INFO: [VRFC 10-311] analyzing module urat_rx
INFO: [VRFC 10-2263] Analyzing Verilog file "C:/Users/raiab/Downloads/vivado_projects/project/project.srcs/sources_1/new/urat_tx.v" into library xil_defaultlib
INFO: [VRFC 10-311] analyzing module urat_tx
INFO: [VRFC 10-2263] Analyzing Verilog file "C:/Users/raiab/Downloads/vivado_projects/project/project.srcs/sim_1/new/urat_loopback_tb.v" into library xil_defaultlib
INFO: [VRFC 10-311] analyzing module urat_loopback_tb
INFO: [USF-XSim-69] 'compile' step finished in '3' seconds
INFO: [USF-XSim-3] XSim::Elaborate design
INFO: [USF-XSim-61] Executing 'ELABORATE' step in 'C:/Users/raiab/Downloads/vivado_projects/project/project.sim/sim_1/behav/xsim'
"xelab --incr --debug typical --relax --mt 2 -L xil_defaultlib -L unisims_ver -L unimacro_ver -L secureip --snapshot urat_loopback_tb_behav xil_defaultlib.urat_loopback_tb xil_defaultlib.glbl -log elaborate.log"
Vivado Simulator v2025.2
Copyright 1986-2022 Xilinx, Inc. All Rights Reserved.
Copyright 2022-2025 Advanced Micro Devices, Inc. All Rights Reserved.
Running: C:/AMDDesignTools/.xinstall/2025.2/Vivado/bin/unwrapped/win64.o/xelab.exe --incr --debug typical --relax --mt 2 -L xil_defaultlib -L unisims_ver -L unimacro_ver -L secureip --snapshot urat_loopback_tb_behav xil_defaultlib.urat_loopback_tb xil_defaultlib.glbl -log elaborate.log 
Using 2 slave threads.
Starting static elaboration
Pass Through NonSizing Optimizer
Completed static elaboration
Starting simulation data flow analysis
Completed simulation data flow analysis
Time Resolution for simulation is 1ps
Compiling module xil_defaultlib.urat_tx
Compiling module xil_defaultlib.urat_rx
Compiling module xil_defaultlib.urat_loopback_tb
Compiling module xil_defaultlib.glbl
Built simulation snapshot urat_loopback_tb_behav
INFO: [USF-XSim-69] 'elaborate' step finished in '2' seconds
INFO: [USF-XSim-4] XSim::Simulate design
INFO: [USF-XSim-61] Executing 'SIMULATE' step in 'C:/Users/raiab/Downloads/vivado_projects/project/project.sim/sim_1/behav/xsim'
INFO: [USF-XSim-98] *** Running xsim
   with args "urat_loopback_tb_behav -key {Behavioral:sim_1:Functional:urat_loopback_tb} -tclbatch {urat_loopback_tb.tcl} -log {simulate.log}"
INFO: [USF-XSim-8] Loading simulator feature
Time resolution is 1 ps
source urat_loopback_tb.tcl
# set curr_wave [current_wave_config]
# if { [string length $curr_wave] == 0 } {
#   if { [llength [get_objects]] > 0} {
#     add_wave /
#     set_property needs_save false [current_wave_config]
#   } else {
#      send_msg_id Add_Wave-1 WARNING "No top level signals found. Simulator will start without a wave window. If you want to open a wave window go to 'File->New Waveform Configuration' or type 'create_wave_config' in the TCL console."
#   }
# }
# run 1000ns
INFO: [USF-XSim-96] XSim completed. Design snapshot 'urat_loopback_tb_behav' loaded.
INFO: [USF-XSim-97] XSim simulation ran for 1000ns
launch_simulation: Time (s): cpu = 00:00:02 ; elapsed = 00:00:09 . Memory (MB): peak = 3350.078 ; gain = 0.000
relaunch_sim
Command: launch_simulation -step compile -simset sim_1 -mode behavioral
INFO: [Vivado 12-25911] Executing simulation for 'XSim' simulator
INFO: [Vivado 12-28535] Process started - Wed May 13 14:30:25 2026

INFO: [Vivado 12-12493] Simulation top is 'urat_loopback_tb'
INFO: [Vivado 12-5682] Launching behavioral simulation in 'C:/Users/raiab/Downloads/vivado_projects/project/project.sim/sim_1/behav/xsim'
INFO: [SIM-utils-51] Simulation object is 'sim_1'
INFO: [USF-XSim-2] XSim::Compile design
INFO: [USF-XSim-61] Executing 'COMPILE and ANALYZE' step in 'C:/Users/raiab/Downloads/vivado_projects/project/project.sim/sim_1/behav/xsim'
"xvlog --incr --relax -prj urat_loopback_tb_vlog.prj"
INFO: [VRFC 10-2263] Analyzing Verilog file "C:/Users/raiab/Downloads/vivado_projects/project/project.srcs/sources_1/new/urat_rx.v" into library xil_defaultlib
INFO: [VRFC 10-311] analyzing module urat_rx
INFO: [VRFC 10-2263] Analyzing Verilog file "C:/Users/raiab/Downloads/vivado_projects/project/project.srcs/sources_1/new/urat_tx.v" into library xil_defaultlib
INFO: [VRFC 10-311] analyzing module urat_tx
INFO: [VRFC 10-2263] Analyzing Verilog file "C:/Users/raiab/Downloads/vivado_projects/project/project.srcs/sim_1/new/urat_loopback_tb.v" into library xil_defaultlib
INFO: [VRFC 10-311] analyzing module urat_loopback_tb
INFO: [USF-XSim-69] 'compile' step finished in '1' seconds
Command: launch_simulation -step elaborate -simset sim_1 -mode behavioral
INFO: [Vivado 12-25911] Executing simulation for 'XSim' simulator
INFO: [Vivado 12-28535] Process started - Wed May 13 14:30:26 2026

INFO: [Vivado 12-12493] Simulation top is 'urat_loopback_tb'
INFO: [Vivado 12-5682] Launching behavioral simulation in 'C:/Users/raiab/Downloads/vivado_projects/project/project.sim/sim_1/behav/xsim'
INFO: [SIM-utils-51] Simulation object is 'sim_1'
INFO: [USF-XSim-3] XSim::Elaborate design
INFO: [USF-XSim-61] Executing 'ELABORATE' step in 'C:/Users/raiab/Downloads/vivado_projects/project/project.sim/sim_1/behav/xsim'
"xelab --incr --debug typical --relax --mt 2 -L xil_defaultlib -L unisims_ver -L unimacro_ver -L secureip --snapshot urat_loopback_tb_behav xil_defaultlib.urat_loopback_tb xil_defaultlib.glbl -log elaborate.log"
Vivado Simulator v2025.2
Copyright 1986-2022 Xilinx, Inc. All Rights Reserved.
Copyright 2022-2025 Advanced Micro Devices, Inc. All Rights Reserved.
Running: C:/AMDDesignTools/.xinstall/2025.2/Vivado/bin/unwrapped/win64.o/xelab.exe --incr --debug typical --relax --mt 2 -L xil_defaultlib -L unisims_ver -L unimacro_ver -L secureip --snapshot urat_loopback_tb_behav xil_defaultlib.urat_loopback_tb xil_defaultlib.glbl -log elaborate.log 
Using 2 slave threads.
Starting static elaboration
Pass Through NonSizing Optimizer
Completed static elaboration
Starting simulation data flow analysis
Completed simulation data flow analysis
Time Resolution for simulation is 1ps
Compiling module xil_defaultlib.urat_tx
Compiling module xil_defaultlib.urat_rx
Compiling module xil_defaultlib.urat_loopback_tb
Compiling module xil_defaultlib.glbl
Built simulation snapshot urat_loopback_tb_behav
INFO: [USF-XSim-69] 'elaborate' step finished in '2' seconds
Time resolution is 1 ps
relaunch_sim: Time (s): cpu = 00:00:01 ; elapsed = 00:00:06 . Memory (MB): peak = 3350.078 ; gain = 0.000
current_wave_config {Untitled 4}
Untitled 4
add_wave {{/urat_loopback_tb/urv/baud_count}} 
current_wave_config {Untitled 4}
Untitled 4
add_wave {{/urat_loopback_tb/urv/bit_count}} 
current_wave_config {Untitled 4}
Untitled 4
add_wave {{/urat_loopback_tb/urv/data_reg}} 
relaunch_sim
Command: launch_simulation -step compile -simset sim_1 -mode behavioral
INFO: [Vivado 12-25911] Executing simulation for 'XSim' simulator
INFO: [Vivado 12-28535] Process started - Wed May 13 14:35:23 2026

INFO: [Vivado 12-12493] Simulation top is 'urat_loopback_tb'
INFO: [Vivado 12-5682] Launching behavioral simulation in 'C:/Users/raiab/Downloads/vivado_projects/project/project.sim/sim_1/behav/xsim'
INFO: [SIM-utils-51] Simulation object is 'sim_1'
INFO: [USF-XSim-2] XSim::Compile design
INFO: [USF-XSim-61] Executing 'COMPILE and ANALYZE' step in 'C:/Users/raiab/Downloads/vivado_projects/project/project.sim/sim_1/behav/xsim'
"xvlog --incr --relax -prj urat_loopback_tb_vlog.prj"
INFO: [USF-XSim-69] 'compile' step finished in '2' seconds
Command: launch_simulation -step elaborate -simset sim_1 -mode behavioral
INFO: [Vivado 12-25911] Executing simulation for 'XSim' simulator
INFO: [Vivado 12-28535] Process started - Wed May 13 14:35:25 2026

INFO: [Vivado 12-12493] Simulation top is 'urat_loopback_tb'
INFO: [Vivado 12-5682] Launching behavioral simulation in 'C:/Users/raiab/Downloads/vivado_projects/project/project.sim/sim_1/behav/xsim'
INFO: [SIM-utils-51] Simulation object is 'sim_1'
INFO: [USF-XSim-3] XSim::Elaborate design
INFO: [USF-XSim-61] Executing 'ELABORATE' step in 'C:/Users/raiab/Downloads/vivado_projects/project/project.sim/sim_1/behav/xsim'
"xelab --incr --debug typical --relax --mt 2 -L xil_defaultlib -L unisims_ver -L unimacro_ver -L secureip --snapshot urat_loopback_tb_behav xil_defaultlib.urat_loopback_tb xil_defaultlib.glbl -log elaborate.log"
Vivado Simulator v2025.2
Copyright 1986-2022 Xilinx, Inc. All Rights Reserved.
Copyright 2022-2025 Advanced Micro Devices, Inc. All Rights Reserved.
Running: C:/AMDDesignTools/.xinstall/2025.2/Vivado/bin/unwrapped/win64.o/xelab.exe --incr --debug typical --relax --mt 2 -L xil_defaultlib -L unisims_ver -L unimacro_ver -L secureip --snapshot urat_loopback_tb_behav xil_defaultlib.urat_loopback_tb xil_defaultlib.glbl -log elaborate.log 
Using 2 slave threads.
Starting static elaboration
Pass Through NonSizing Optimizer
Completed static elaboration
INFO: [XSIM 43-4323] No Change in HDL. Linking previously generated obj files to create kernel
INFO: [USF-XSim-69] 'elaborate' step finished in '2' seconds
Time resolution is 1 ps
relaunch_sim: Time (s): cpu = 00:00:00 ; elapsed = 00:00:07 . Memory (MB): peak = 3358.332 ; gain = 0.000
relaunch_sim
Command: launch_simulation -step compile -simset sim_1 -mode behavioral
INFO: [Vivado 12-25911] Executing simulation for 'XSim' simulator
INFO: [Vivado 12-28535] Process started - Wed May 13 14:38:22 2026

INFO: [Vivado 12-12493] Simulation top is 'urat_loopback_tb'
INFO: [Vivado 12-5682] Launching behavioral simulation in 'C:/Users/raiab/Downloads/vivado_projects/project/project.sim/sim_1/behav/xsim'
INFO: [SIM-utils-51] Simulation object is 'sim_1'
INFO: [USF-XSim-2] XSim::Compile design
INFO: [USF-XSim-61] Executing 'COMPILE and ANALYZE' step in 'C:/Users/raiab/Downloads/vivado_projects/project/project.sim/sim_1/behav/xsim'
"xvlog --incr --relax -prj urat_loopback_tb_vlog.prj"
INFO: [USF-XSim-69] 'compile' step finished in '2' seconds
Command: launch_simulation -step elaborate -simset sim_1 -mode behavioral
INFO: [Vivado 12-25911] Executing simulation for 'XSim' simulator
INFO: [Vivado 12-28535] Process started - Wed May 13 14:38:24 2026

INFO: [Vivado 12-12493] Simulation top is 'urat_loopback_tb'
INFO: [Vivado 12-5682] Launching behavioral simulation in 'C:/Users/raiab/Downloads/vivado_projects/project/project.sim/sim_1/behav/xsim'
INFO: [SIM-utils-51] Simulation object is 'sim_1'
INFO: [USF-XSim-3] XSim::Elaborate design
INFO: [USF-XSim-61] Executing 'ELABORATE' step in 'C:/Users/raiab/Downloads/vivado_projects/project/project.sim/sim_1/behav/xsim'
"xelab --incr --debug typical --relax --mt 2 -L xil_defaultlib -L unisims_ver -L unimacro_ver -L secureip --snapshot urat_loopback_tb_behav xil_defaultlib.urat_loopback_tb xil_defaultlib.glbl -log elaborate.log"
Vivado Simulator v2025.2
Copyright 1986-2022 Xilinx, Inc. All Rights Reserved.
Copyright 2022-2025 Advanced Micro Devices, Inc. All Rights Reserved.
Running: C:/AMDDesignTools/.xinstall/2025.2/Vivado/bin/unwrapped/win64.o/xelab.exe --incr --debug typical --relax --mt 2 -L xil_defaultlib -L unisims_ver -L unimacro_ver -L secureip --snapshot urat_loopback_tb_behav xil_defaultlib.urat_loopback_tb xil_defaultlib.glbl -log elaborate.log 
Using 2 slave threads.
Starting static elaboration
Pass Through NonSizing Optimizer
Completed static elaboration
INFO: [XSIM 43-4323] No Change in HDL. Linking previously generated obj files to create kernel
INFO: [USF-XSim-69] 'elaborate' step finished in '2' seconds
Time resolution is 1 ps
relaunch_sim: Time (s): cpu = 00:00:01 ; elapsed = 00:00:06 . Memory (MB): peak = 3359.531 ; gain = 0.000
WARNING: [filemgmt 56-199] Attempt to get parsing info during refresh. "On-the-fly" syntax checking information may be incorrect. [C:\Users\raiab\Downloads\vivado_projects\project\project.srcs\sim_1\new\urat_tb.v:]
WARNING: [filemgmt 56-199] Attempt to get parsing info during refresh. "On-the-fly" syntax checking information may be incorrect. [C:\Users\raiab\Downloads\vivado_projects\project\project.srcs\sources_1\new\urat_tx.v:]
WARNING: [filemgmt 56-199] Attempt to get parsing info during refresh. "On-the-fly" syntax checking information may be incorrect. [C:\Users\raiab\Downloads\vivado_projects\project\project.srcs\sources_1\new\urat_rx.v:]
WARNING: [filemgmt 56-199] Attempt to get parsing info during refresh. "On-the-fly" syntax checking information may be incorrect. [C:\Users\raiab\Downloads\vivado_projects\project\project.srcs\sim_1\new\urat_loopback_tb.v:]
WARNING: [filemgmt 56-199] Attempt to get parsing info during refresh. "On-the-fly" syntax checking information may be incorrect. [C:\Users\raiab\Downloads\vivado_projects\project\project.srcs\sources_1\new\urat_tx.v:]
WARNING: [filemgmt 56-199] Attempt to get parsing info during refresh. "On-the-fly" syntax checking information may be incorrect. [C:\Users\raiab\Downloads\vivado_projects\project\project.srcs\sources_1\new\urat_tx.v:]
WARNING: [filemgmt 56-199] Attempt to get parsing info during refresh. "On-the-fly" syntax checking information may be incorrect. [C:\Users\raiab\Downloads\vivado_projects\project\project.srcs\sim_1\new\urat_tb.v:]
WARNING: [filemgmt 56-199] Attempt to get parsing info during refresh. "On-the-fly" syntax checking information may be incorrect. [C:\Users\raiab\Downloads\vivado_projects\project\project.srcs\sources_1\new\urat_tx.v:]
WARNING: [filemgmt 56-199] Attempt to get parsing info during refresh. "On-the-fly" syntax checking information may be incorrect. [C:\Users\raiab\Downloads\vivado_projects\project\project.srcs\sources_1\new\urat_rx.v:]
WARNING: [filemgmt 56-199] Attempt to get parsing info during refresh. "On-the-fly" syntax checking information may be incorrect. [C:\Users\raiab\Downloads\vivado_projects\project\project.srcs\sim_1\new\urat_loopback_tb.v:]
WARNING: [filemgmt 56-199] Attempt to get parsing info during refresh. "On-the-fly" syntax checking information may be incorrect. [C:\Users\raiab\Downloads\vivado_projects\project\project.srcs\sources_1\new\urat_rx.v:]
WARNING: [filemgmt 56-199] Attempt to get parsing info during refresh. "On-the-fly" syntax checking information may be incorrect. [C:\Users\raiab\Downloads\vivado_projects\project\project.srcs\sources_1\new\urat_rx.v:]
WARNING: [filemgmt 56-199] Attempt to get parsing info during refresh. "On-the-fly" syntax checking information may be incorrect. [C:\Users\raiab\Downloads\vivado_projects\project\project.srcs\sim_1\new\urat_tb.v:]
WARNING: [filemgmt 56-199] Attempt to get parsing info during refresh. "On-the-fly" syntax checking information may be incorrect. [C:\Users\raiab\Downloads\vivado_projects\project\project.srcs\sources_1\new\urat_tx.v:]
WARNING: [filemgmt 56-199] Attempt to get parsing info during refresh. "On-the-fly" syntax checking information may be incorrect. [C:\Users\raiab\Downloads\vivado_projects\project\project.srcs\sources_1\new\urat_rx.v:]
WARNING: [filemgmt 56-199] Attempt to get parsing info during refresh. "On-the-fly" syntax checking information may be incorrect. [C:\Users\raiab\Downloads\vivado_projects\project\project.srcs\sim_1\new\urat_loopback_tb.v:]
WARNING: [filemgmt 56-199] Attempt to get parsing info during refresh. "On-the-fly" syntax checking information may be incorrect. [C:\Users\raiab\Downloads\vivado_projects\project\project.srcs\sim_1\new\urat_tb.v:]
WARNING: [filemgmt 56-199] Attempt to get parsing info during refresh. "On-the-fly" syntax checking information may be incorrect. [C:\Users\raiab\Downloads\vivado_projects\project\project.srcs\sim_1\new\urat_tb.v:]
ERROR: [Common 17-180] Spawn failed: The operation completed successfully.

relaunch_sim
Command: launch_simulation -step compile -simset sim_1 -mode behavioral
INFO: [Vivado 12-25911] Executing simulation for 'XSim' simulator
INFO: [Vivado 12-28535] Process started - Wed May 13 14:41:35 2026

INFO: [Vivado 12-12493] Simulation top is 'urat_loopback_tb'
INFO: [Vivado 12-5682] Launching behavioral simulation in 'C:/Users/raiab/Downloads/vivado_projects/project/project.sim/sim_1/behav/xsim'
INFO: [SIM-utils-51] Simulation object is 'sim_1'
INFO: [USF-XSim-2] XSim::Compile design
INFO: [USF-XSim-61] Executing 'COMPILE and ANALYZE' step in 'C:/Users/raiab/Downloads/vivado_projects/project/project.sim/sim_1/behav/xsim'
"xvlog --incr --relax -prj urat_loopback_tb_vlog.prj"
INFO: [VRFC 10-2263] Analyzing Verilog file "C:/Users/raiab/Downloads/vivado_projects/project/project.srcs/sources_1/new/urat_rx.v" into library xil_defaultlib
INFO: [VRFC 10-311] analyzing module urat_rx
INFO: [VRFC 10-2263] Analyzing Verilog file "C:/Users/raiab/Downloads/vivado_projects/project/project.srcs/sources_1/new/urat_tx.v" into library xil_defaultlib
INFO: [VRFC 10-311] analyzing module urat_tx
INFO: [VRFC 10-2263] Analyzing Verilog file "C:/Users/raiab/Downloads/vivado_projects/project/project.srcs/sim_1/new/urat_loopback_tb.v" into library xil_defaultlib
INFO: [VRFC 10-311] analyzing module urat_loopback_tb
INFO: [USF-XSim-69] 'compile' step finished in '2' seconds
Command: launch_simulation -step elaborate -simset sim_1 -mode behavioral
INFO: [Vivado 12-25911] Executing simulation for 'XSim' simulator
INFO: [Vivado 12-28535] Process started - Wed May 13 14:41:37 2026

INFO: [Vivado 12-12493] Simulation top is 'urat_loopback_tb'
INFO: [Vivado 12-5682] Launching behavioral simulation in 'C:/Users/raiab/Downloads/vivado_projects/project/project.sim/sim_1/behav/xsim'
INFO: [SIM-utils-51] Simulation object is 'sim_1'
INFO: [USF-XSim-3] XSim::Elaborate design
INFO: [USF-XSim-61] Executing 'ELABORATE' step in 'C:/Users/raiab/Downloads/vivado_projects/project/project.sim/sim_1/behav/xsim'
"xelab --incr --debug typical --relax --mt 2 -L xil_defaultlib -L unisims_ver -L unimacro_ver -L secureip --snapshot urat_loopback_tb_behav xil_defaultlib.urat_loopback_tb xil_defaultlib.glbl -log elaborate.log"
Vivado Simulator v2025.2
Copyright 1986-2022 Xilinx, Inc. All Rights Reserved.
Copyright 2022-2025 Advanced Micro Devices, Inc. All Rights Reserved.
Running: C:/AMDDesignTools/.xinstall/2025.2/Vivado/bin/unwrapped/win64.o/xelab.exe --incr --debug typical --relax --mt 2 -L xil_defaultlib -L unisims_ver -L unimacro_ver -L secureip --snapshot urat_loopback_tb_behav xil_defaultlib.urat_loopback_tb xil_defaultlib.glbl -log elaborate.log 
Using 2 slave threads.
Starting static elaboration
Pass Through NonSizing Optimizer
Completed static elaboration
Starting simulation data flow analysis
Completed simulation data flow analysis
Time Resolution for simulation is 1ps
Compiling module xil_defaultlib.urat_tx
Compiling module xil_defaultlib.urat_rx
Compiling module xil_defaultlib.urat_loopback_tb
Compiling module xil_defaultlib.glbl
Built simulation snapshot urat_loopback_tb_behav
INFO: [USF-XSim-69] 'elaborate' step finished in '2' seconds
Time resolution is 1 ps
relaunch_sim: Time (s): cpu = 00:00:01 ; elapsed = 00:00:06 . Memory (MB): peak = 3359.531 ; gain = 0.000
relaunch_sim
Command: launch_simulation -step compile -simset sim_1 -mode behavioral
INFO: [Vivado 12-25911] Executing simulation for 'XSim' simulator
INFO: [Vivado 12-28535] Process started - Wed May 13 14:46:00 2026

INFO: [Vivado 12-12493] Simulation top is 'urat_loopback_tb'
INFO: [Vivado 12-5682] Launching behavioral simulation in 'C:/Users/raiab/Downloads/vivado_projects/project/project.sim/sim_1/behav/xsim'
INFO: [SIM-utils-51] Simulation object is 'sim_1'
INFO: [USF-XSim-2] XSim::Compile design
INFO: [USF-XSim-61] Executing 'COMPILE and ANALYZE' step in 'C:/Users/raiab/Downloads/vivado_projects/project/project.sim/sim_1/behav/xsim'
"xvlog --incr --relax -prj urat_loopback_tb_vlog.prj"
INFO: [VRFC 10-2263] Analyzing Verilog file "C:/Users/raiab/Downloads/vivado_projects/project/project.srcs/sources_1/new/urat_rx.v" into library xil_defaultlib
INFO: [VRFC 10-311] analyzing module urat_rx
INFO: [VRFC 10-2263] Analyzing Verilog file "C:/Users/raiab/Downloads/vivado_projects/project/project.srcs/sources_1/new/urat_tx.v" into library xil_defaultlib
INFO: [VRFC 10-311] analyzing module urat_tx
INFO: [VRFC 10-2263] Analyzing Verilog file "C:/Users/raiab/Downloads/vivado_projects/project/project.srcs/sim_1/new/urat_loopback_tb.v" into library xil_defaultlib
INFO: [VRFC 10-311] analyzing module urat_loopback_tb
INFO: [USF-XSim-69] 'compile' step finished in '1' seconds
Command: launch_simulation -step elaborate -simset sim_1 -mode behavioral
INFO: [Vivado 12-25911] Executing simulation for 'XSim' simulator
INFO: [Vivado 12-28535] Process started - Wed May 13 14:46:03 2026

INFO: [Vivado 12-12493] Simulation top is 'urat_loopback_tb'
INFO: [Vivado 12-5682] Launching behavioral simulation in 'C:/Users/raiab/Downloads/vivado_projects/project/project.sim/sim_1/behav/xsim'
INFO: [SIM-utils-51] Simulation object is 'sim_1'
INFO: [USF-XSim-3] XSim::Elaborate design
WARNING: [filemgmt 56-199] Attempt to get parsing info during refresh. "On-the-fly" syntax checking information may be incorrect. [C:\Users\raiab\Downloads\vivado_projects\project\project.srcs\sim_1\new\urat_tb.v:]
WARNING: [filemgmt 56-199] Attempt to get parsing info during refresh. "On-the-fly" syntax checking information may be incorrect. [C:\Users\raiab\Downloads\vivado_projects\project\project.srcs\sources_1\new\urat_tx.v:]
WARNING: [filemgmt 56-199] Attempt to get parsing info during refresh. "On-the-fly" syntax checking information may be incorrect. [C:\Users\raiab\Downloads\vivado_projects\project\project.srcs\sources_1\new\urat_rx.v:]
WARNING: [filemgmt 56-199] Attempt to get parsing info during refresh. "On-the-fly" syntax checking information may be incorrect. [C:\Users\raiab\Downloads\vivado_projects\project\project.srcs\sim_1\new\urat_loopback_tb.v:]
WARNING: [filemgmt 56-199] Attempt to get parsing info during refresh. "On-the-fly" syntax checking information may be incorrect. [C:\Users\raiab\Downloads\vivado_projects\project\project.srcs\sources_1\new\urat_rx.v:]
WARNING: [filemgmt 56-199] Attempt to get parsing info during refresh. "On-the-fly" syntax checking information may be incorrect. [C:\Users\raiab\Downloads\vivado_projects\project\project.srcs\sources_1\new\urat_rx.v:]
INFO: [USF-XSim-61] Executing 'ELABORATE' step in 'C:/Users/raiab/Downloads/vivado_projects/project/project.sim/sim_1/behav/xsim'
"xelab --incr --debug typical --relax --mt 2 -L xil_defaultlib -L unisims_ver -L unimacro_ver -L secureip --snapshot urat_loopback_tb_behav xil_defaultlib.urat_loopback_tb xil_defaultlib.glbl -log elaborate.log"
Vivado Simulator v2025.2
Copyright 1986-2022 Xilinx, Inc. All Rights Reserved.
Copyright 2022-2025 Advanced Micro Devices, Inc. All Rights Reserved.
Running: C:/AMDDesignTools/.xinstall/2025.2/Vivado/bin/unwrapped/win64.o/xelab.exe --incr --debug typical --relax --mt 2 -L xil_defaultlib -L unisims_ver -L unimacro_ver -L secureip --snapshot urat_loopback_tb_behav xil_defaultlib.urat_loopback_tb xil_defaultlib.glbl -log elaborate.log 
Using 2 slave threads.
Starting static elaboration
Pass Through NonSizing Optimizer
Completed static elaboration
Starting simulation data flow analysis
Completed simulation data flow analysis
Time Resolution for simulation is 1ps
Compiling module xil_defaultlib.urat_tx
Compiling module xil_defaultlib.urat_rx
Compiling module xil_defaultlib.urat_loopback_tb
Compiling module xil_defaultlib.glbl
Built simulation snapshot urat_loopback_tb_behav
INFO: [USF-XSim-69] 'elaborate' step finished in '2' seconds
Time resolution is 1 ps
relaunch_sim: Time (s): cpu = 00:00:01 ; elapsed = 00:00:08 . Memory (MB): peak = 3359.531 ; gain = 0.000
WARNING: [filemgmt 56-199] Attempt to get parsing info during refresh. "On-the-fly" syntax checking information may be incorrect. [C:\Users\raiab\Downloads\vivado_projects\project\project.srcs\sim_1\new\urat_tb.v:]
WARNING: [filemgmt 56-199] Attempt to get parsing info during refresh. "On-the-fly" syntax checking information may be incorrect. [C:\Users\raiab\Downloads\vivado_projects\project\project.srcs\sources_1\new\urat_tx.v:]
WARNING: [filemgmt 56-199] Attempt to get parsing info during refresh. "On-the-fly" syntax checking information may be incorrect. [C:\Users\raiab\Downloads\vivado_projects\project\project.srcs\sources_1\new\urat_rx.v:]
WARNING: [filemgmt 56-199] Attempt to get parsing info during refresh. "On-the-fly" syntax checking information may be incorrect. [C:\Users\raiab\Downloads\vivado_projects\project\project.srcs\sim_1\new\urat_loopback_tb.v:]
WARNING: [filemgmt 56-199] Attempt to get parsing info during refresh. "On-the-fly" syntax checking information may be incorrect. [C:\Users\raiab\Downloads\vivado_projects\project\project.srcs\sources_1\new\urat_tx.v:]
WARNING: [filemgmt 56-199] Attempt to get parsing info during refresh. "On-the-fly" syntax checking information may be incorrect. [C:\Users\raiab\Downloads\vivado_projects\project\project.srcs\sources_1\new\urat_tx.v:]
WARNING: [filemgmt 56-199] Attempt to get parsing info during refresh. "On-the-fly" syntax checking information may be incorrect. [C:\Users\raiab\Downloads\vivado_projects\project\project.srcs\sim_1\new\urat_tb.v:]
WARNING: [filemgmt 56-199] Attempt to get parsing info during refresh. "On-the-fly" syntax checking information may be incorrect. [C:\Users\raiab\Downloads\vivado_projects\project\project.srcs\sources_1\new\urat_tx.v:]
WARNING: [filemgmt 56-199] Attempt to get parsing info during refresh. "On-the-fly" syntax checking information may be incorrect. [C:\Users\raiab\Downloads\vivado_projects\project\project.srcs\sources_1\new\urat_rx.v:]
WARNING: [filemgmt 56-199] Attempt to get parsing info during refresh. "On-the-fly" syntax checking information may be incorrect. [C:\Users\raiab\Downloads\vivado_projects\project\project.srcs\sim_1\new\urat_loopback_tb.v:]
WARNING: [filemgmt 56-199] Attempt to get parsing info during refresh. "On-the-fly" syntax checking information may be incorrect. [C:\Users\raiab\Downloads\vivado_projects\project\project.srcs\sim_1\new\urat_tb.v:]
WARNING: [filemgmt 56-199] Attempt to get parsing info during refresh. "On-the-fly" syntax checking information may be incorrect. [C:\Users\raiab\Downloads\vivado_projects\project\project.srcs\sim_1\new\urat_tb.v:]
WARNING: [filemgmt 56-199] Attempt to get parsing info during refresh. "On-the-fly" syntax checking information may be incorrect. [C:\Users\raiab\Downloads\vivado_projects\project\project.srcs\sim_1\new\urat_tb.v:]
WARNING: [filemgmt 56-199] Attempt to get parsing info during refresh. "On-the-fly" syntax checking information may be incorrect. [C:\Users\raiab\Downloads\vivado_projects\project\project.srcs\sources_1\new\urat_tx.v:]
WARNING: [filemgmt 56-199] Attempt to get parsing info during refresh. "On-the-fly" syntax checking information may be incorrect. [C:\Users\raiab\Downloads\vivado_projects\project\project.srcs\sources_1\new\urat_rx.v:]
WARNING: [filemgmt 56-199] Attempt to get parsing info during refresh. "On-the-fly" syntax checking information may be incorrect. [C:\Users\raiab\Downloads\vivado_projects\project\project.srcs\sim_1\new\urat_loopback_tb.v:]
WARNING: [filemgmt 56-199] Attempt to get parsing info during refresh. "On-the-fly" syntax checking information may be incorrect. [C:\Users\raiab\Downloads\vivado_projects\project\project.srcs\sim_1\new\urat_loopback_tb.v:]
WARNING: [filemgmt 56-199] Attempt to get parsing info during refresh. "On-the-fly" syntax checking information may be incorrect. [C:\Users\raiab\Downloads\vivado_projects\project\project.srcs\sim_1\new\urat_loopback_tb.v:]
relaunch_sim
Command: launch_simulation -step compile -simset sim_1 -mode behavioral
INFO: [Vivado 12-25911] Executing simulation for 'XSim' simulator
INFO: [Vivado 12-28535] Process started - Wed May 13 14:47:29 2026

INFO: [Vivado 12-12493] Simulation top is 'urat_loopback_tb'
INFO: [Vivado 12-5682] Launching behavioral simulation in 'C:/Users/raiab/Downloads/vivado_projects/project/project.sim/sim_1/behav/xsim'
INFO: [SIM-utils-51] Simulation object is 'sim_1'
INFO: [USF-XSim-2] XSim::Compile design
INFO: [USF-XSim-61] Executing 'COMPILE and ANALYZE' step in 'C:/Users/raiab/Downloads/vivado_projects/project/project.sim/sim_1/behav/xsim'
"xvlog --incr --relax -prj urat_loopback_tb_vlog.prj"
INFO: [VRFC 10-2263] Analyzing Verilog file "C:/Users/raiab/Downloads/vivado_projects/project/project.srcs/sources_1/new/urat_rx.v" into library xil_defaultlib
INFO: [VRFC 10-311] analyzing module urat_rx
INFO: [VRFC 10-2263] Analyzing Verilog file "C:/Users/raiab/Downloads/vivado_projects/project/project.srcs/sources_1/new/urat_tx.v" into library xil_defaultlib
INFO: [VRFC 10-311] analyzing module urat_tx
INFO: [VRFC 10-2263] Analyzing Verilog file "C:/Users/raiab/Downloads/vivado_projects/project/project.srcs/sim_1/new/urat_loopback_tb.v" into library xil_defaultlib
INFO: [VRFC 10-311] analyzing module urat_loopback_tb
INFO: [USF-XSim-69] 'compile' step finished in '3' seconds
Command: launch_simulation -step elaborate -simset sim_1 -mode behavioral
INFO: [Vivado 12-25911] Executing simulation for 'XSim' simulator
INFO: [Vivado 12-28535] Process started - Wed May 13 14:47:32 2026

INFO: [Vivado 12-12493] Simulation top is 'urat_loopback_tb'
INFO: [Vivado 12-5682] Launching behavioral simulation in 'C:/Users/raiab/Downloads/vivado_projects/project/project.sim/sim_1/behav/xsim'
INFO: [SIM-utils-51] Simulation object is 'sim_1'
INFO: [USF-XSim-3] XSim::Elaborate design
INFO: [USF-XSim-61] Executing 'ELABORATE' step in 'C:/Users/raiab/Downloads/vivado_projects/project/project.sim/sim_1/behav/xsim'
"xelab --incr --debug typical --relax --mt 2 -L xil_defaultlib -L unisims_ver -L unimacro_ver -L secureip --snapshot urat_loopback_tb_behav xil_defaultlib.urat_loopback_tb xil_defaultlib.glbl -log elaborate.log"
Vivado Simulator v2025.2
Copyright 1986-2022 Xilinx, Inc. All Rights Reserved.
Copyright 2022-2025 Advanced Micro Devices, Inc. All Rights Reserved.
Running: C:/AMDDesignTools/.xinstall/2025.2/Vivado/bin/unwrapped/win64.o/xelab.exe --incr --debug typical --relax --mt 2 -L xil_defaultlib -L unisims_ver -L unimacro_ver -L secureip --snapshot urat_loopback_tb_behav xil_defaultlib.urat_loopback_tb xil_defaultlib.glbl -log elaborate.log 
Using 2 slave threads.
Starting static elaboration
Pass Through NonSizing Optimizer
Completed static elaboration
Starting simulation data flow analysis
Completed simulation data flow analysis
Time Resolution for simulation is 1ps
Compiling module xil_defaultlib.urat_tx
Compiling module xil_defaultlib.urat_rx
Compiling module xil_defaultlib.urat_loopback_tb
Compiling module xil_defaultlib.glbl
Built simulation snapshot urat_loopback_tb_behav
INFO: [USF-XSim-69] 'elaborate' step finished in '3' seconds
Time resolution is 1 ps
relaunch_sim: Time (s): cpu = 00:00:00 ; elapsed = 00:00:08 . Memory (MB): peak = 3360.223 ; gain = 0.000
WARNING: [filemgmt 56-199] Attempt to get parsing info during refresh. "On-the-fly" syntax checking information may be incorrect. [C:\Users\raiab\Downloads\vivado_projects\project\project.srcs\sim_1\new\urat_tb.v:]
WARNING: [filemgmt 56-199] Attempt to get parsing info during refresh. "On-the-fly" syntax checking information may be incorrect. [C:\Users\raiab\Downloads\vivado_projects\project\project.srcs\sources_1\new\urat_tx.v:]
WARNING: [filemgmt 56-199] Attempt to get parsing info during refresh. "On-the-fly" syntax checking information may be incorrect. [C:\Users\raiab\Downloads\vivado_projects\project\project.srcs\sources_1\new\urat_rx.v:]
WARNING: [filemgmt 56-199] Attempt to get parsing info during refresh. "On-the-fly" syntax checking information may be incorrect. [C:\Users\raiab\Downloads\vivado_projects\project\project.srcs\sim_1\new\urat_loopback_tb.v:]
WARNING: [filemgmt 56-199] Attempt to get parsing info during refresh. "On-the-fly" syntax checking information may be incorrect. [C:\Users\raiab\Downloads\vivado_projects\project\project.srcs\sources_1\new\urat_tx.v:]
WARNING: [filemgmt 56-199] Attempt to get parsing info during refresh. "On-the-fly" syntax checking information may be incorrect. [C:\Users\raiab\Downloads\vivado_projects\project\project.srcs\sources_1\new\urat_tx.v:]
WARNING: [filemgmt 56-199] Attempt to get parsing info during refresh. "On-the-fly" syntax checking information may be incorrect. [C:\Users\raiab\Downloads\vivado_projects\project\project.srcs\sim_1\new\urat_tb.v:]
WARNING: [filemgmt 56-199] Attempt to get parsing info during refresh. "On-the-fly" syntax checking information may be incorrect. [C:\Users\raiab\Downloads\vivado_projects\project\project.srcs\sources_1\new\urat_tx.v:]
WARNING: [filemgmt 56-199] Attempt to get parsing info during refresh. "On-the-fly" syntax checking information may be incorrect. [C:\Users\raiab\Downloads\vivado_projects\project\project.srcs\sources_1\new\urat_rx.v:]
WARNING: [filemgmt 56-199] Attempt to get parsing info during refresh. "On-the-fly" syntax checking information may be incorrect. [C:\Users\raiab\Downloads\vivado_projects\project\project.srcs\sim_1\new\urat_loopback_tb.v:]
WARNING: [filemgmt 56-199] Attempt to get parsing info during refresh. "On-the-fly" syntax checking information may be incorrect. [C:\Users\raiab\Downloads\vivado_projects\project\project.srcs\sim_1\new\urat_tb.v:]
WARNING: [filemgmt 56-199] Attempt to get parsing info during refresh. "On-the-fly" syntax checking information may be incorrect. [C:\Users\raiab\Downloads\vivado_projects\project\project.srcs\sim_1\new\urat_tb.v:]
WARNING: [filemgmt 56-199] Attempt to get parsing info during refresh. "On-the-fly" syntax checking information may be incorrect. [C:\Users\raiab\Downloads\vivado_projects\project\project.srcs\sim_1\new\urat_tb.v:]
WARNING: [filemgmt 56-199] Attempt to get parsing info during refresh. "On-the-fly" syntax checking information may be incorrect. [C:\Users\raiab\Downloads\vivado_projects\project\project.srcs\sources_1\new\urat_tx.v:]
WARNING: [filemgmt 56-199] Attempt to get parsing info during refresh. "On-the-fly" syntax checking information may be incorrect. [C:\Users\raiab\Downloads\vivado_projects\project\project.srcs\sources_1\new\urat_rx.v:]
WARNING: [filemgmt 56-199] Attempt to get parsing info during refresh. "On-the-fly" syntax checking information may be incorrect. [C:\Users\raiab\Downloads\vivado_projects\project\project.srcs\sim_1\new\urat_loopback_tb.v:]
WARNING: [filemgmt 56-199] Attempt to get parsing info during refresh. "On-the-fly" syntax checking information may be incorrect. [C:\Users\raiab\Downloads\vivado_projects\project\project.srcs\sim_1\new\urat_loopback_tb.v:]
WARNING: [filemgmt 56-199] Attempt to get parsing info during refresh. "On-the-fly" syntax checking information may be incorrect. [C:\Users\raiab\Downloads\vivado_projects\project\project.srcs\sim_1\new\urat_loopback_tb.v:]
relaunch_sim
Command: launch_simulation -step compile -simset sim_1 -mode behavioral
INFO: [Vivado 12-25911] Executing simulation for 'XSim' simulator
INFO: [Vivado 12-28535] Process started - Wed May 13 14:59:41 2026

INFO: [Vivado 12-12493] Simulation top is 'urat_loopback_tb'
INFO: [Vivado 12-5682] Launching behavioral simulation in 'C:/Users/raiab/Downloads/vivado_projects/project/project.sim/sim_1/behav/xsim'
INFO: [SIM-utils-51] Simulation object is 'sim_1'
INFO: [USF-XSim-2] XSim::Compile design
INFO: [USF-XSim-61] Executing 'COMPILE and ANALYZE' step in 'C:/Users/raiab/Downloads/vivado_projects/project/project.sim/sim_1/behav/xsim'
"xvlog --incr --relax -prj urat_loopback_tb_vlog.prj"
INFO: [VRFC 10-2263] Analyzing Verilog file "C:/Users/raiab/Downloads/vivado_projects/project/project.srcs/sources_1/new/urat_rx.v" into library xil_defaultlib
INFO: [VRFC 10-311] analyzing module urat_rx
INFO: [VRFC 10-2263] Analyzing Verilog file "C:/Users/raiab/Downloads/vivado_projects/project/project.srcs/sources_1/new/urat_tx.v" into library xil_defaultlib
INFO: [VRFC 10-311] analyzing module urat_tx
INFO: [VRFC 10-2263] Analyzing Verilog file "C:/Users/raiab/Downloads/vivado_projects/project/project.srcs/sim_1/new/urat_loopback_tb.v" into library xil_defaultlib
INFO: [VRFC 10-311] analyzing module urat_loopback_tb
INFO: [USF-XSim-69] 'compile' step finished in '2' seconds
Command: launch_simulation -step elaborate -simset sim_1 -mode behavioral
INFO: [Vivado 12-25911] Executing simulation for 'XSim' simulator
INFO: [Vivado 12-28535] Process started - Wed May 13 14:59:43 2026

INFO: [Vivado 12-12493] Simulation top is 'urat_loopback_tb'
INFO: [Vivado 12-5682] Launching behavioral simulation in 'C:/Users/raiab/Downloads/vivado_projects/project/project.sim/sim_1/behav/xsim'
INFO: [SIM-utils-51] Simulation object is 'sim_1'
INFO: [USF-XSim-3] XSim::Elaborate design
INFO: [USF-XSim-61] Executing 'ELABORATE' step in 'C:/Users/raiab/Downloads/vivado_projects/project/project.sim/sim_1/behav/xsim'
"xelab --incr --debug typical --relax --mt 2 -L xil_defaultlib -L unisims_ver -L unimacro_ver -L secureip --snapshot urat_loopback_tb_behav xil_defaultlib.urat_loopback_tb xil_defaultlib.glbl -log elaborate.log"
Vivado Simulator v2025.2
Copyright 1986-2022 Xilinx, Inc. All Rights Reserved.
Copyright 2022-2025 Advanced Micro Devices, Inc. All Rights Reserved.
Running: C:/AMDDesignTools/.xinstall/2025.2/Vivado/bin/unwrapped/win64.o/xelab.exe --incr --debug typical --relax --mt 2 -L xil_defaultlib -L unisims_ver -L unimacro_ver -L secureip --snapshot urat_loopback_tb_behav xil_defaultlib.urat_loopback_tb xil_defaultlib.glbl -log elaborate.log 
Using 2 slave threads.
Starting static elaboration
Pass Through NonSizing Optimizer
Completed static elaboration
Starting simulation data flow analysis
Completed simulation data flow analysis
Time Resolution for simulation is 1ps
Compiling module xil_defaultlib.urat_tx
Compiling module xil_defaultlib.urat_rx
Compiling module xil_defaultlib.urat_loopback_tb
Compiling module xil_defaultlib.glbl
Built simulation snapshot urat_loopback_tb_behav
INFO: [USF-XSim-69] 'elaborate' step finished in '3' seconds
Time resolution is 1 ps
relaunch_sim: Time (s): cpu = 00:00:00 ; elapsed = 00:00:07 . Memory (MB): peak = 3360.223 ; gain = 0.000
WARNING: [filemgmt 56-199] Attempt to get parsing info during refresh. "On-the-fly" syntax checking information may be incorrect. [C:\Users\raiab\Downloads\vivado_projects\project\project.srcs\sim_1\new\urat_tb.v:]
WARNING: [filemgmt 56-199] Attempt to get parsing info during refresh. "On-the-fly" syntax checking information may be incorrect. [C:\Users\raiab\Downloads\vivado_projects\project\project.srcs\sources_1\new\urat_tx.v:]
WARNING: [filemgmt 56-199] Attempt to get parsing info during refresh. "On-the-fly" syntax checking information may be incorrect. [C:\Users\raiab\Downloads\vivado_projects\project\project.srcs\sources_1\new\urat_rx.v:]
WARNING: [filemgmt 56-199] Attempt to get parsing info during refresh. "On-the-fly" syntax checking information may be incorrect. [C:\Users\raiab\Downloads\vivado_projects\project\project.srcs\sim_1\new\urat_loopback_tb.v:]
WARNING: [filemgmt 56-199] Attempt to get parsing info during refresh. "On-the-fly" syntax checking information may be incorrect. [C:\Users\raiab\Downloads\vivado_projects\project\project.srcs\sources_1\new\urat_tx.v:]
WARNING: [filemgmt 56-199] Attempt to get parsing info during refresh. "On-the-fly" syntax checking information may be incorrect. [C:\Users\raiab\Downloads\vivado_projects\project\project.srcs\sources_1\new\urat_tx.v:]
WARNING: [filemgmt 56-199] Attempt to get parsing info during refresh. "On-the-fly" syntax checking information may be incorrect. [C:\Users\raiab\Downloads\vivado_projects\project\project.srcs\sim_1\new\urat_tb.v:]
WARNING: [filemgmt 56-199] Attempt to get parsing info during refresh. "On-the-fly" syntax checking information may be incorrect. [C:\Users\raiab\Downloads\vivado_projects\project\project.srcs\sources_1\new\urat_tx.v:]
WARNING: [filemgmt 56-199] Attempt to get parsing info during refresh. "On-the-fly" syntax checking information may be incorrect. [C:\Users\raiab\Downloads\vivado_projects\project\project.srcs\sources_1\new\urat_rx.v:]
WARNING: [filemgmt 56-199] Attempt to get parsing info during refresh. "On-the-fly" syntax checking information may be incorrect. [C:\Users\raiab\Downloads\vivado_projects\project\project.srcs\sim_1\new\urat_loopback_tb.v:]
WARNING: [filemgmt 56-199] Attempt to get parsing info during refresh. "On-the-fly" syntax checking information may be incorrect. [C:\Users\raiab\Downloads\vivado_projects\project\project.srcs\sources_1\new\urat_rx.v:]
WARNING: [filemgmt 56-199] Attempt to get parsing info during refresh. "On-the-fly" syntax checking information may be incorrect. [C:\Users\raiab\Downloads\vivado_projects\project\project.srcs\sources_1\new\urat_rx.v:]
ERROR: [Common 17-180] Spawn failed: The operation completed successfully.

WARNING: [filemgmt 56-199] Attempt to get parsing info during refresh. "On-the-fly" syntax checking information may be incorrect. [C:\Users\raiab\Downloads\vivado_projects\project\project.srcs\sim_1\new\urat_tb.v:]
WARNING: [filemgmt 56-199] Attempt to get parsing info during refresh. "On-the-fly" syntax checking information may be incorrect. [C:\Users\raiab\Downloads\vivado_projects\project\project.srcs\sources_1\new\urat_tx.v:]
WARNING: [filemgmt 56-199] Attempt to get parsing info during refresh. "On-the-fly" syntax checking information may be incorrect. [C:\Users\raiab\Downloads\vivado_projects\project\project.srcs\sources_1\new\urat_rx.v:]
WARNING: [filemgmt 56-199] Attempt to get parsing info during refresh. "On-the-fly" syntax checking information may be incorrect. [C:\Users\raiab\Downloads\vivado_projects\project\project.srcs\sim_1\new\urat_loopback_tb.v:]
WARNING: [filemgmt 56-199] Attempt to get parsing info during refresh. "On-the-fly" syntax checking information may be incorrect. [C:\Users\raiab\Downloads\vivado_projects\project\project.srcs\sim_1\new\urat_loopback_tb.v:]
WARNING: [filemgmt 56-199] Attempt to get parsing info during refresh. "On-the-fly" syntax checking information may be incorrect. [C:\Users\raiab\Downloads\vivado_projects\project\project.srcs\sim_1\new\urat_loopback_tb.v:]
set_property -name {xsim.simulate.runtime} -value {3000000ns} -objects [get_filesets sim_1]
relaunch_sim
Command: launch_simulation -step compile -simset sim_1 -mode behavioral
INFO: [Vivado 12-25911] Executing simulation for 'XSim' simulator
INFO: [Vivado 12-28535] Process started - Wed May 13 15:02:32 2026

INFO: [Vivado 12-12493] Simulation top is 'urat_loopback_tb'
INFO: [Vivado 12-5682] Launching behavioral simulation in 'C:/Users/raiab/Downloads/vivado_projects/project/project.sim/sim_1/behav/xsim'
INFO: [SIM-utils-51] Simulation object is 'sim_1'
INFO: [USF-XSim-2] XSim::Compile design
INFO: [USF-XSim-61] Executing 'COMPILE and ANALYZE' step in 'C:/Users/raiab/Downloads/vivado_projects/project/project.sim/sim_1/behav/xsim'
"xvlog --incr --relax -prj urat_loopback_tb_vlog.prj"
INFO: [USF-XSim-69] 'compile' step finished in '2' seconds
Command: launch_simulation -step elaborate -simset sim_1 -mode behavioral
INFO: [Vivado 12-25911] Executing simulation for 'XSim' simulator
INFO: [Vivado 12-28535] Process started - Wed May 13 15:02:34 2026

INFO: [Vivado 12-12493] Simulation top is 'urat_loopback_tb'
INFO: [Vivado 12-5682] Launching behavioral simulation in 'C:/Users/raiab/Downloads/vivado_projects/project/project.sim/sim_1/behav/xsim'
INFO: [SIM-utils-51] Simulation object is 'sim_1'
INFO: [USF-XSim-3] XSim::Elaborate design
INFO: [USF-XSim-61] Executing 'ELABORATE' step in 'C:/Users/raiab/Downloads/vivado_projects/project/project.sim/sim_1/behav/xsim'
"xelab --incr --debug typical --relax --mt 2 -L xil_defaultlib -L unisims_ver -L unimacro_ver -L secureip --snapshot urat_loopback_tb_behav xil_defaultlib.urat_loopback_tb xil_defaultlib.glbl -log elaborate.log"
Vivado Simulator v2025.2
Copyright 1986-2022 Xilinx, Inc. All Rights Reserved.
Copyright 2022-2025 Advanced Micro Devices, Inc. All Rights Reserved.
Running: C:/AMDDesignTools/.xinstall/2025.2/Vivado/bin/unwrapped/win64.o/xelab.exe --incr --debug typical --relax --mt 2 -L xil_defaultlib -L unisims_ver -L unimacro_ver -L secureip --snapshot urat_loopback_tb_behav xil_defaultlib.urat_loopback_tb xil_defaultlib.glbl -log elaborate.log 
Using 2 slave threads.
Starting static elaboration
Pass Through NonSizing Optimizer
Completed static elaboration
INFO: [XSIM 43-4323] No Change in HDL. Linking previously generated obj files to create kernel
INFO: [USF-XSim-69] 'elaborate' step finished in '1' seconds
Time resolution is 1 ps
relaunch_sim: Time (s): cpu = 00:00:02 ; elapsed = 00:00:06 . Memory (MB): peak = 3360.223 ; gain = 0.000
relaunch_sim
Command: launch_simulation -step compile -simset sim_1 -mode behavioral
INFO: [Vivado 12-25911] Executing simulation for 'XSim' simulator
INFO: [Vivado 12-28535] Process started - Wed May 13 15:03:55 2026

INFO: [Vivado 12-12493] Simulation top is 'urat_loopback_tb'
INFO: [Vivado 12-5682] Launching behavioral simulation in 'C:/Users/raiab/Downloads/vivado_projects/project/project.sim/sim_1/behav/xsim'
INFO: [SIM-utils-51] Simulation object is 'sim_1'
INFO: [USF-XSim-2] XSim::Compile design
INFO: [USF-XSim-61] Executing 'COMPILE and ANALYZE' step in 'C:/Users/raiab/Downloads/vivado_projects/project/project.sim/sim_1/behav/xsim'
"xvlog --incr --relax -prj urat_loopback_tb_vlog.prj"
INFO: [USF-XSim-69] 'compile' step finished in '1' seconds
Command: launch_simulation -step elaborate -simset sim_1 -mode behavioral
INFO: [Vivado 12-25911] Executing simulation for 'XSim' simulator
INFO: [Vivado 12-28535] Process started - Wed May 13 15:03:56 2026

INFO: [Vivado 12-12493] Simulation top is 'urat_loopback_tb'
INFO: [Vivado 12-5682] Launching behavioral simulation in 'C:/Users/raiab/Downloads/vivado_projects/project/project.sim/sim_1/behav/xsim'
INFO: [SIM-utils-51] Simulation object is 'sim_1'
INFO: [USF-XSim-3] XSim::Elaborate design
INFO: [USF-XSim-61] Executing 'ELABORATE' step in 'C:/Users/raiab/Downloads/vivado_projects/project/project.sim/sim_1/behav/xsim'
"xelab --incr --debug typical --relax --mt 2 -L xil_defaultlib -L unisims_ver -L unimacro_ver -L secureip --snapshot urat_loopback_tb_behav xil_defaultlib.urat_loopback_tb xil_defaultlib.glbl -log elaborate.log"
Vivado Simulator v2025.2
Copyright 1986-2022 Xilinx, Inc. All Rights Reserved.
Copyright 2022-2025 Advanced Micro Devices, Inc. All Rights Reserved.
Running: C:/AMDDesignTools/.xinstall/2025.2/Vivado/bin/unwrapped/win64.o/xelab.exe --incr --debug typical --relax --mt 2 -L xil_defaultlib -L unisims_ver -L unimacro_ver -L secureip --snapshot urat_loopback_tb_behav xil_defaultlib.urat_loopback_tb xil_defaultlib.glbl -log elaborate.log 
Using 2 slave threads.
Starting static elaboration
Pass Through NonSizing Optimizer
Completed static elaboration
INFO: [XSIM 43-4323] No Change in HDL. Linking previously generated obj files to create kernel
INFO: [USF-XSim-69] 'elaborate' step finished in '2' seconds
Time resolution is 1 ps
relaunch_sim: Time (s): cpu = 00:00:01 ; elapsed = 00:00:05 . Memory (MB): peak = 3360.223 ; gain = 0.000
WARNING: [filemgmt 56-199] Attempt to get parsing info during refresh. "On-the-fly" syntax checking information may be incorrect. [C:\Users\raiab\Downloads\vivado_projects\project\project.srcs\sim_1\new\urat_tb.v:]
WARNING: [filemgmt 56-199] Attempt to get parsing info during refresh. "On-the-fly" syntax checking information may be incorrect. [C:\Users\raiab\Downloads\vivado_projects\project\project.srcs\sources_1\new\urat_tx.v:]
WARNING: [filemgmt 56-199] Attempt to get parsing info during refresh. "On-the-fly" syntax checking information may be incorrect. [C:\Users\raiab\Downloads\vivado_projects\project\project.srcs\sources_1\new\urat_rx.v:]
WARNING: [filemgmt 56-199] Attempt to get parsing info during refresh. "On-the-fly" syntax checking information may be incorrect. [C:\Users\raiab\Downloads\vivado_projects\project\project.srcs\sim_1\new\urat_loopback_tb.v:]
WARNING: [filemgmt 56-199] Attempt to get parsing info during refresh. "On-the-fly" syntax checking information may be incorrect. [C:\Users\raiab\Downloads\vivado_projects\project\project.srcs\sim_1\new\urat_loopback_tb.v:]
WARNING: [filemgmt 56-199] Attempt to get parsing info during refresh. "On-the-fly" syntax checking information may be incorrect. [C:\Users\raiab\Downloads\vivado_projects\project\project.srcs\sim_1\new\urat_loopback_tb.v:]
WARNING: [filemgmt 56-199] Attempt to get parsing info during refresh. "On-the-fly" syntax checking information may be incorrect. [C:\Users\raiab\Downloads\vivado_projects\project\project.srcs\sim_1\new\urat_tb.v:]
WARNING: [filemgmt 56-199] Attempt to get parsing info during refresh. "On-the-fly" syntax checking information may be incorrect. [C:\Users\raiab\Downloads\vivado_projects\project\project.srcs\sources_1\new\urat_tx.v:]
WARNING: [filemgmt 56-199] Attempt to get parsing info during refresh. "On-the-fly" syntax checking information may be incorrect. [C:\Users\raiab\Downloads\vivado_projects\project\project.srcs\sources_1\new\urat_rx.v:]
WARNING: [filemgmt 56-199] Attempt to get parsing info during refresh. "On-the-fly" syntax checking information may be incorrect. [C:\Users\raiab\Downloads\vivado_projects\project\project.srcs\sim_1\new\urat_loopback_tb.v:]
WARNING: [filemgmt 56-199] Attempt to get parsing info during refresh. "On-the-fly" syntax checking information may be incorrect. [C:\Users\raiab\Downloads\vivado_projects\project\project.srcs\sim_1\new\urat_tb.v:]
WARNING: [filemgmt 56-199] Attempt to get parsing info during refresh. "On-the-fly" syntax checking information may be incorrect. [C:\Users\raiab\Downloads\vivado_projects\project\project.srcs\sim_1\new\urat_tb.v:]
WARNING: [filemgmt 56-199] Attempt to get parsing info during refresh. "On-the-fly" syntax checking information may be incorrect. [C:\Users\raiab\Downloads\vivado_projects\project\project.srcs\sim_1\new\urat_tb.v:]
WARNING: [filemgmt 56-199] Attempt to get parsing info during refresh. "On-the-fly" syntax checking information may be incorrect. [C:\Users\raiab\Downloads\vivado_projects\project\project.srcs\sources_1\new\urat_tx.v:]
WARNING: [filemgmt 56-199] Attempt to get parsing info during refresh. "On-the-fly" syntax checking information may be incorrect. [C:\Users\raiab\Downloads\vivado_projects\project\project.srcs\sources_1\new\urat_rx.v:]
WARNING: [filemgmt 56-199] Attempt to get parsing info during refresh. "On-the-fly" syntax checking information may be incorrect. [C:\Users\raiab\Downloads\vivado_projects\project\project.srcs\sim_1\new\urat_loopback_tb.v:]
WARNING: [filemgmt 56-199] Attempt to get parsing info during refresh. "On-the-fly" syntax checking information may be incorrect. [C:\Users\raiab\Downloads\vivado_projects\project\project.srcs\sources_1\new\urat_rx.v:]
WARNING: [filemgmt 56-199] Attempt to get parsing info during refresh. "On-the-fly" syntax checking information may be incorrect. [C:\Users\raiab\Downloads\vivado_projects\project\project.srcs\sources_1\new\urat_rx.v:]
ERROR: [Common 17-180] Spawn failed: The operation completed successfully.

relaunch_sim
Command: launch_simulation -step compile -simset sim_1 -mode behavioral
INFO: [Vivado 12-25911] Executing simulation for 'XSim' simulator
INFO: [Vivado 12-28535] Process started - Wed May 13 15:09:36 2026

INFO: [Vivado 12-12493] Simulation top is 'urat_loopback_tb'
INFO: [Vivado 12-5682] Launching behavioral simulation in 'C:/Users/raiab/Downloads/vivado_projects/project/project.sim/sim_1/behav/xsim'
INFO: [SIM-utils-51] Simulation object is 'sim_1'
INFO: [USF-XSim-2] XSim::Compile design
INFO: [USF-XSim-61] Executing 'COMPILE and ANALYZE' step in 'C:/Users/raiab/Downloads/vivado_projects/project/project.sim/sim_1/behav/xsim'
"xvlog --incr --relax -prj urat_loopback_tb_vlog.prj"
INFO: [VRFC 10-2263] Analyzing Verilog file "C:/Users/raiab/Downloads/vivado_projects/project/project.srcs/sources_1/new/urat_rx.v" into library xil_defaultlib
INFO: [VRFC 10-311] analyzing module urat_rx
INFO: [VRFC 10-2263] Analyzing Verilog file "C:/Users/raiab/Downloads/vivado_projects/project/project.srcs/sources_1/new/urat_tx.v" into library xil_defaultlib
INFO: [VRFC 10-311] analyzing module urat_tx
INFO: [VRFC 10-2263] Analyzing Verilog file "C:/Users/raiab/Downloads/vivado_projects/project/project.srcs/sim_1/new/urat_loopback_tb.v" into library xil_defaultlib
INFO: [VRFC 10-311] analyzing module urat_loopback_tb
INFO: [USF-XSim-69] 'compile' step finished in '2' seconds
Command: launch_simulation -step elaborate -simset sim_1 -mode behavioral
INFO: [Vivado 12-25911] Executing simulation for 'XSim' simulator
INFO: [Vivado 12-28535] Process started - Wed May 13 15:09:38 2026

INFO: [Vivado 12-12493] Simulation top is 'urat_loopback_tb'
INFO: [Vivado 12-5682] Launching behavioral simulation in 'C:/Users/raiab/Downloads/vivado_projects/project/project.sim/sim_1/behav/xsim'
INFO: [SIM-utils-51] Simulation object is 'sim_1'
INFO: [USF-XSim-3] XSim::Elaborate design
INFO: [USF-XSim-61] Executing 'ELABORATE' step in 'C:/Users/raiab/Downloads/vivado_projects/project/project.sim/sim_1/behav/xsim'
"xelab --incr --debug typical --relax --mt 2 -L xil_defaultlib -L unisims_ver -L unimacro_ver -L secureip --snapshot urat_loopback_tb_behav xil_defaultlib.urat_loopback_tb xil_defaultlib.glbl -log elaborate.log"
Vivado Simulator v2025.2
Copyright 1986-2022 Xilinx, Inc. All Rights Reserved.
Copyright 2022-2025 Advanced Micro Devices, Inc. All Rights Reserved.
Running: C:/AMDDesignTools/.xinstall/2025.2/Vivado/bin/unwrapped/win64.o/xelab.exe --incr --debug typical --relax --mt 2 -L xil_defaultlib -L unisims_ver -L unimacro_ver -L secureip --snapshot urat_loopback_tb_behav xil_defaultlib.urat_loopback_tb xil_defaultlib.glbl -log elaborate.log 
Using 2 slave threads.
Starting static elaboration
Pass Through NonSizing Optimizer
Completed static elaboration
Starting simulation data flow analysis
Completed simulation data flow analysis
Time Resolution for simulation is 1ps
Compiling module xil_defaultlib.urat_tx
Compiling module xil_defaultlib.urat_rx
Compiling module xil_defaultlib.urat_loopback_tb
Compiling module xil_defaultlib.glbl
Built simulation snapshot urat_loopback_tb_behav
INFO: [USF-XSim-69] 'elaborate' step finished in '3' seconds
Time resolution is 1 ps
relaunch_sim: Time (s): cpu = 00:00:01 ; elapsed = 00:00:09 . Memory (MB): peak = 3360.223 ; gain = 0.000
close_sim
INFO: [Simtcl 6-16] Simulation closed
launch_simulation
Command: launch_simulation 
INFO: [Vivado 12-25911] Executing simulation for 'XSim' simulator
INFO: [Vivado 12-28535] Process started - Wed May 13 15:11:21 2026

INFO: [Vivado 12-12493] Simulation top is 'urat_loopback_tb'
INFO: [Vivado 12-5682] Launching behavioral simulation in 'C:/Users/raiab/Downloads/vivado_projects/project/project.sim/sim_1/behav/xsim'
INFO: [SIM-utils-51] Simulation object is 'sim_1'
INFO: [SIM-utils-72] Using boost library from 'C:/AMDDesignTools/.xinstall/2025.2/Vivado/tps/boost_1_72_0'
INFO: [SIM-utils-54] Inspecting design source files for 'urat_loopback_tb' in fileset 'sim_1'...
INFO: [USF-XSim-97] Finding global include files...
INFO: [USF-XSim-98] Fetching design files from 'sim_1'...
INFO: [USF-XSim-2] XSim::Compile design
INFO: [USF-XSim-61] Executing 'COMPILE and ANALYZE' step in 'C:/Users/raiab/Downloads/vivado_projects/project/project.sim/sim_1/behav/xsim'
"xvlog --incr --relax -prj urat_loopback_tb_vlog.prj"
INFO: [USF-XSim-69] 'compile' step finished in '1' seconds
INFO: [USF-XSim-3] XSim::Elaborate design
INFO: [USF-XSim-61] Executing 'ELABORATE' step in 'C:/Users/raiab/Downloads/vivado_projects/project/project.sim/sim_1/behav/xsim'
"xelab --incr --debug typical --relax --mt 2 -L xil_defaultlib -L unisims_ver -L unimacro_ver -L secureip --snapshot urat_loopback_tb_behav xil_defaultlib.urat_loopback_tb xil_defaultlib.glbl -log elaborate.log"
Vivado Simulator v2025.2
Copyright 1986-2022 Xilinx, Inc. All Rights Reserved.
Copyright 2022-2025 Advanced Micro Devices, Inc. All Rights Reserved.
Running: C:/AMDDesignTools/.xinstall/2025.2/Vivado/bin/unwrapped/win64.o/xelab.exe --incr --debug typical --relax --mt 2 -L xil_defaultlib -L unisims_ver -L unimacro_ver -L secureip --snapshot urat_loopback_tb_behav xil_defaultlib.urat_loopback_tb xil_defaultlib.glbl -log elaborate.log 
Using 2 slave threads.
Starting static elaboration
Pass Through NonSizing Optimizer
Completed static elaboration
INFO: [XSIM 43-4323] No Change in HDL. Linking previously generated obj files to create kernel
INFO: [USF-XSim-69] 'elaborate' step finished in '2' seconds
INFO: [USF-XSim-4] XSim::Simulate design
INFO: [USF-XSim-61] Executing 'SIMULATE' step in 'C:/Users/raiab/Downloads/vivado_projects/project/project.sim/sim_1/behav/xsim'
INFO: [USF-XSim-98] *** Running xsim
   with args "urat_loopback_tb_behav -key {Behavioral:sim_1:Functional:urat_loopback_tb} -tclbatch {urat_loopback_tb.tcl} -log {simulate.log}"
INFO: [USF-XSim-8] Loading simulator feature
Time resolution is 1 ps
source urat_loopback_tb.tcl
# set curr_wave [current_wave_config]
# if { [string length $curr_wave] == 0 } {
#   if { [llength [get_objects]] > 0} {
#     add_wave /
#     set_property needs_save false [current_wave_config]
#   } else {
#      send_msg_id Add_Wave-1 WARNING "No top level signals found. Simulator will start without a wave window. If you want to open a wave window go to 'File->New Waveform Configuration' or type 'create_wave_config' in the TCL console."
#   }
# }
# run 3000000ns
INFO: [USF-XSim-96] XSim completed. Design snapshot 'urat_loopback_tb_behav' loaded.
INFO: [USF-XSim-97] XSim simulation ran for 3000000ns
launch_simulation: Time (s): cpu = 00:00:05 ; elapsed = 00:00:07 . Memory (MB): peak = 3370.930 ; gain = 4.797
WARNING: [filemgmt 56-199] Attempt to get parsing info during refresh. "On-the-fly" syntax checking information may be incorrect. [C:\Users\raiab\Downloads\vivado_projects\project\project.srcs\sim_1\new\urat_tb.v:]
WARNING: [filemgmt 56-199] Attempt to get parsing info during refresh. "On-the-fly" syntax checking information may be incorrect. [C:\Users\raiab\Downloads\vivado_projects\project\project.srcs\sources_1\new\urat_tx.v:]
WARNING: [filemgmt 56-199] Attempt to get parsing info during refresh. "On-the-fly" syntax checking information may be incorrect. [C:\Users\raiab\Downloads\vivado_projects\project\project.srcs\sources_1\new\urat_rx.v:]
WARNING: [filemgmt 56-199] Attempt to get parsing info during refresh. "On-the-fly" syntax checking information may be incorrect. [C:\Users\raiab\Downloads\vivado_projects\project\project.srcs\sim_1\new\urat_loopback_tb.v:]
WARNING: [filemgmt 56-199] Attempt to get parsing info during refresh. "On-the-fly" syntax checking information may be incorrect. [C:\Users\raiab\Downloads\vivado_projects\project\project.srcs\sim_1\new\urat_tb.v:]
WARNING: [filemgmt 56-199] Attempt to get parsing info during refresh. "On-the-fly" syntax checking information may be incorrect. [C:\Users\raiab\Downloads\vivado_projects\project\project.srcs\sim_1\new\urat_tb.v:]
WARNING: [filemgmt 56-199] Attempt to get parsing info during refresh. "On-the-fly" syntax checking information may be incorrect. [C:\Users\raiab\Downloads\vivado_projects\project\project.srcs\sim_1\new\urat_tb.v:]
WARNING: [filemgmt 56-199] Attempt to get parsing info during refresh. "On-the-fly" syntax checking information may be incorrect. [C:\Users\raiab\Downloads\vivado_projects\project\project.srcs\sources_1\new\urat_tx.v:]
WARNING: [filemgmt 56-199] Attempt to get parsing info during refresh. "On-the-fly" syntax checking information may be incorrect. [C:\Users\raiab\Downloads\vivado_projects\project\project.srcs\sources_1\new\urat_rx.v:]
WARNING: [filemgmt 56-199] Attempt to get parsing info during refresh. "On-the-fly" syntax checking information may be incorrect. [C:\Users\raiab\Downloads\vivado_projects\project\project.srcs\sim_1\new\urat_loopback_tb.v:]
WARNING: [filemgmt 56-199] Attempt to get parsing info during refresh. "On-the-fly" syntax checking information may be incorrect. [C:\Users\raiab\Downloads\vivado_projects\project\project.srcs\sources_1\new\urat_tx.v:]
WARNING: [filemgmt 56-199] Attempt to get parsing info during refresh. "On-the-fly" syntax checking information may be incorrect. [C:\Users\raiab\Downloads\vivado_projects\project\project.srcs\sources_1\new\urat_tx.v:]
WARNING: [filemgmt 56-199] Attempt to get parsing info during refresh. "On-the-fly" syntax checking information may be incorrect. [C:\Users\raiab\Downloads\vivado_projects\project\project.srcs\sim_1\new\urat_tb.v:]
WARNING: [filemgmt 56-199] Attempt to get parsing info during refresh. "On-the-fly" syntax checking information may be incorrect. [C:\Users\raiab\Downloads\vivado_projects\project\project.srcs\sources_1\new\urat_tx.v:]
WARNING: [filemgmt 56-199] Attempt to get parsing info during refresh. "On-the-fly" syntax checking information may be incorrect. [C:\Users\raiab\Downloads\vivado_projects\project\project.srcs\sources_1\new\urat_rx.v:]
WARNING: [filemgmt 56-199] Attempt to get parsing info during refresh. "On-the-fly" syntax checking information may be incorrect. [C:\Users\raiab\Downloads\vivado_projects\project\project.srcs\sim_1\new\urat_loopback_tb.v:]
WARNING: [filemgmt 56-199] Attempt to get parsing info during refresh. "On-the-fly" syntax checking information may be incorrect. [C:\Users\raiab\Downloads\vivado_projects\project\project.srcs\sources_1\new\urat_rx.v:]
WARNING: [filemgmt 56-199] Attempt to get parsing info during refresh. "On-the-fly" syntax checking information may be incorrect. [C:\Users\raiab\Downloads\vivado_projects\project\project.srcs\sources_1\new\urat_rx.v:]
close_sim
INFO: [Simtcl 6-16] Simulation closed
launch_simulation
Command: launch_simulation 
INFO: [Vivado 12-25911] Executing simulation for 'XSim' simulator
INFO: [Vivado 12-28535] Process started - Wed May 13 15:15:00 2026

INFO: [Vivado 12-12493] Simulation top is 'urat_loopback_tb'
INFO: [Vivado 12-5682] Launching behavioral simulation in 'C:/Users/raiab/Downloads/vivado_projects/project/project.sim/sim_1/behav/xsim'
INFO: [SIM-utils-51] Simulation object is 'sim_1'
INFO: [SIM-utils-72] Using boost library from 'C:/AMDDesignTools/.xinstall/2025.2/Vivado/tps/boost_1_72_0'
INFO: [SIM-utils-54] Inspecting design source files for 'urat_loopback_tb' in fileset 'sim_1'...
INFO: [USF-XSim-97] Finding global include files...
INFO: [USF-XSim-98] Fetching design files from 'sim_1'...
INFO: [USF-XSim-2] XSim::Compile design
INFO: [USF-XSim-61] Executing 'COMPILE and ANALYZE' step in 'C:/Users/raiab/Downloads/vivado_projects/project/project.sim/sim_1/behav/xsim'
"xvlog --incr --relax -prj urat_loopback_tb_vlog.prj"
INFO: [VRFC 10-2263] Analyzing Verilog file "C:/Users/raiab/Downloads/vivado_projects/project/project.srcs/sources_1/new/urat_rx.v" into library xil_defaultlib
INFO: [VRFC 10-311] analyzing module urat_rx
INFO: [VRFC 10-2263] Analyzing Verilog file "C:/Users/raiab/Downloads/vivado_projects/project/project.srcs/sources_1/new/urat_tx.v" into library xil_defaultlib
INFO: [VRFC 10-311] analyzing module urat_tx
INFO: [VRFC 10-2263] Analyzing Verilog file "C:/Users/raiab/Downloads/vivado_projects/project/project.srcs/sim_1/new/urat_loopback_tb.v" into library xil_defaultlib
INFO: [VRFC 10-311] analyzing module urat_loopback_tb
INFO: [USF-XSim-69] 'compile' step finished in '2' seconds
INFO: [USF-XSim-3] XSim::Elaborate design
INFO: [USF-XSim-61] Executing 'ELABORATE' step in 'C:/Users/raiab/Downloads/vivado_projects/project/project.sim/sim_1/behav/xsim'
"xelab --incr --debug typical --relax --mt 2 -L xil_defaultlib -L unisims_ver -L unimacro_ver -L secureip --snapshot urat_loopback_tb_behav xil_defaultlib.urat_loopback_tb xil_defaultlib.glbl -log elaborate.log"
Vivado Simulator v2025.2
Copyright 1986-2022 Xilinx, Inc. All Rights Reserved.
Copyright 2022-2025 Advanced Micro Devices, Inc. All Rights Reserved.
Running: C:/AMDDesignTools/.xinstall/2025.2/Vivado/bin/unwrapped/win64.o/xelab.exe --incr --debug typical --relax --mt 2 -L xil_defaultlib -L unisims_ver -L unimacro_ver -L secureip --snapshot urat_loopback_tb_behav xil_defaultlib.urat_loopback_tb xil_defaultlib.glbl -log elaborate.log 
Using 2 slave threads.
Starting static elaboration
Pass Through NonSizing Optimizer
Completed static elaboration
Starting simulation data flow analysis
Completed simulation data flow analysis
Time Resolution for simulation is 1ps
Compiling module xil_defaultlib.urat_tx
Compiling module xil_defaultlib.urat_rx
Compiling module xil_defaultlib.urat_loopback_tb
Compiling module xil_defaultlib.glbl
Built simulation snapshot urat_loopback_tb_behav
INFO: [USF-XSim-69] 'elaborate' step finished in '2' seconds
INFO: [USF-XSim-4] XSim::Simulate design
INFO: [USF-XSim-61] Executing 'SIMULATE' step in 'C:/Users/raiab/Downloads/vivado_projects/project/project.sim/sim_1/behav/xsim'
INFO: [USF-XSim-98] *** Running xsim
   with args "urat_loopback_tb_behav -key {Behavioral:sim_1:Functional:urat_loopback_tb} -tclbatch {urat_loopback_tb.tcl} -log {simulate.log}"
INFO: [USF-XSim-8] Loading simulator feature
Time resolution is 1 ps
source urat_loopback_tb.tcl
# set curr_wave [current_wave_config]
# if { [string length $curr_wave] == 0 } {
#   if { [llength [get_objects]] > 0} {
#     add_wave /
#     set_property needs_save false [current_wave_config]
#   } else {
#      send_msg_id Add_Wave-1 WARNING "No top level signals found. Simulator will start without a wave window. If you want to open a wave window go to 'File->New Waveform Configuration' or type 'create_wave_config' in the TCL console."
#   }
# }
# run 3000000ns
INFO: [USF-XSim-96] XSim completed. Design snapshot 'urat_loopback_tb_behav' loaded.
INFO: [USF-XSim-97] XSim simulation ran for 3000000ns
launch_simulation: Time (s): cpu = 00:00:04 ; elapsed = 00:00:08 . Memory (MB): peak = 3381.785 ; gain = 1.551
WARNING: [filemgmt 56-199] Attempt to get parsing info during refresh. "On-the-fly" syntax checking information may be incorrect. [C:\Users\raiab\Downloads\vivado_projects\project\project.srcs\sim_1\new\urat_tb.v:]
WARNING: [filemgmt 56-199] Attempt to get parsing info during refresh. "On-the-fly" syntax checking information may be incorrect. [C:\Users\raiab\Downloads\vivado_projects\project\project.srcs\sources_1\new\urat_tx.v:]
WARNING: [filemgmt 56-199] Attempt to get parsing info during refresh. "On-the-fly" syntax checking information may be incorrect. [C:\Users\raiab\Downloads\vivado_projects\project\project.srcs\sources_1\new\urat_rx.v:]
WARNING: [filemgmt 56-199] Attempt to get parsing info during refresh. "On-the-fly" syntax checking information may be incorrect. [C:\Users\raiab\Downloads\vivado_projects\project\project.srcs\sim_1\new\urat_loopback_tb.v:]
WARNING: [filemgmt 56-199] Attempt to get parsing info during refresh. "On-the-fly" syntax checking information may be incorrect. [C:\Users\raiab\Downloads\vivado_projects\project\project.srcs\sim_1\new\urat_loopback_tb.v:]
WARNING: [filemgmt 56-199] Attempt to get parsing info during refresh. "On-the-fly" syntax checking information may be incorrect. [C:\Users\raiab\Downloads\vivado_projects\project\project.srcs\sim_1\new\urat_loopback_tb.v:]
WARNING: [filemgmt 56-199] Attempt to get parsing info during refresh. "On-the-fly" syntax checking information may be incorrect. [C:\Users\raiab\Downloads\vivado_projects\project\project.srcs\sim_1\new\urat_tb.v:]
WARNING: [filemgmt 56-199] Attempt to get parsing info during refresh. "On-the-fly" syntax checking information may be incorrect. [C:\Users\raiab\Downloads\vivado_projects\project\project.srcs\sources_1\new\urat_tx.v:]
WARNING: [filemgmt 56-199] Attempt to get parsing info during refresh. "On-the-fly" syntax checking information may be incorrect. [C:\Users\raiab\Downloads\vivado_projects\project\project.srcs\sources_1\new\urat_rx.v:]
WARNING: [filemgmt 56-199] Attempt to get parsing info during refresh. "On-the-fly" syntax checking information may be incorrect. [C:\Users\raiab\Downloads\vivado_projects\project\project.srcs\sim_1\new\urat_loopback_tb.v:]
WARNING: [filemgmt 56-199] Attempt to get parsing info during refresh. "On-the-fly" syntax checking information may be incorrect. [C:\Users\raiab\Downloads\vivado_projects\project\project.srcs\sources_1\new\urat_rx.v:]
WARNING: [filemgmt 56-199] Attempt to get parsing info during refresh. "On-the-fly" syntax checking information may be incorrect. [C:\Users\raiab\Downloads\vivado_projects\project\project.srcs\sources_1\new\urat_rx.v:]
WARNING: [filemgmt 56-199] Attempt to get parsing info during refresh. "On-the-fly" syntax checking information may be incorrect. [C:\Users\raiab\Downloads\vivado_projects\project\project.srcs\sim_1\new\urat_tb.v:]
WARNING: [filemgmt 56-199] Attempt to get parsing info during refresh. "On-the-fly" syntax checking information may be incorrect. [C:\Users\raiab\Downloads\vivado_projects\project\project.srcs\sources_1\new\urat_tx.v:]
WARNING: [filemgmt 56-199] Attempt to get parsing info during refresh. "On-the-fly" syntax checking information may be incorrect. [C:\Users\raiab\Downloads\vivado_projects\project\project.srcs\sources_1\new\urat_rx.v:]
WARNING: [filemgmt 56-199] Attempt to get parsing info during refresh. "On-the-fly" syntax checking information may be incorrect. [C:\Users\raiab\Downloads\vivado_projects\project\project.srcs\sim_1\new\urat_loopback_tb.v:]
WARNING: [filemgmt 56-199] Attempt to get parsing info during refresh. "On-the-fly" syntax checking information may be incorrect. [C:\Users\raiab\Downloads\vivado_projects\project\project.srcs\sim_1\new\urat_tb.v:]
WARNING: [filemgmt 56-199] Attempt to get parsing info during refresh. "On-the-fly" syntax checking information may be incorrect. [C:\Users\raiab\Downloads\vivado_projects\project\project.srcs\sim_1\new\urat_tb.v:]
WARNING: [filemgmt 56-199] Attempt to get parsing info during refresh. "On-the-fly" syntax checking information may be incorrect. [C:\Users\raiab\Downloads\vivado_projects\project\project.srcs\sim_1\new\urat_tb.v:]
WARNING: [filemgmt 56-199] Attempt to get parsing info during refresh. "On-the-fly" syntax checking information may be incorrect. [C:\Users\raiab\Downloads\vivado_projects\project\project.srcs\sources_1\new\urat_tx.v:]
WARNING: [filemgmt 56-199] Attempt to get parsing info during refresh. "On-the-fly" syntax checking information may be incorrect. [C:\Users\raiab\Downloads\vivado_projects\project\project.srcs\sources_1\new\urat_rx.v:]
WARNING: [filemgmt 56-199] Attempt to get parsing info during refresh. "On-the-fly" syntax checking information may be incorrect. [C:\Users\raiab\Downloads\vivado_projects\project\project.srcs\sim_1\new\urat_loopback_tb.v:]
WARNING: [filemgmt 56-199] Attempt to get parsing info during refresh. "On-the-fly" syntax checking information may be incorrect. [C:\Users\raiab\Downloads\vivado_projects\project\project.srcs\sources_1\new\urat_rx.v:]
WARNING: [filemgmt 56-199] Attempt to get parsing info during refresh. "On-the-fly" syntax checking information may be incorrect. [C:\Users\raiab\Downloads\vivado_projects\project\project.srcs\sources_1\new\urat_rx.v:]
WARNING: [filemgmt 56-199] Attempt to get parsing info during refresh. "On-the-fly" syntax checking information may be incorrect. [C:\Users\raiab\Downloads\vivado_projects\project\project.srcs\sim_1\new\urat_tb.v:]
WARNING: [filemgmt 56-199] Attempt to get parsing info during refresh. "On-the-fly" syntax checking information may be incorrect. [C:\Users\raiab\Downloads\vivado_projects\project\project.srcs\sources_1\new\urat_tx.v:]
WARNING: [filemgmt 56-199] Attempt to get parsing info during refresh. "On-the-fly" syntax checking information may be incorrect. [C:\Users\raiab\Downloads\vivado_projects\project\project.srcs\sources_1\new\urat_rx.v:]
WARNING: [filemgmt 56-199] Attempt to get parsing info during refresh. "On-the-fly" syntax checking information may be incorrect. [C:\Users\raiab\Downloads\vivado_projects\project\project.srcs\sim_1\new\urat_loopback_tb.v:]
WARNING: [filemgmt 56-199] Attempt to get parsing info during refresh. "On-the-fly" syntax checking information may be incorrect. [C:\Users\raiab\Downloads\vivado_projects\project\project.srcs\sources_1\new\urat_rx.v:]
WARNING: [filemgmt 56-199] Attempt to get parsing info during refresh. "On-the-fly" syntax checking information may be incorrect. [C:\Users\raiab\Downloads\vivado_projects\project\project.srcs\sources_1\new\urat_rx.v:]
ERROR: [Common 17-180] Spawn failed: The operation completed successfully.

WARNING: [filemgmt 56-199] Attempt to get parsing info during refresh. "On-the-fly" syntax checking information may be incorrect. [C:\Users\raiab\Downloads\vivado_projects\project\project.srcs\sim_1\new\urat_tb.v:]
WARNING: [filemgmt 56-199] Attempt to get parsing info during refresh. "On-the-fly" syntax checking information may be incorrect. [C:\Users\raiab\Downloads\vivado_projects\project\project.srcs\sources_1\new\urat_tx.v:]
WARNING: [filemgmt 56-199] Attempt to get parsing info during refresh. "On-the-fly" syntax checking information may be incorrect. [C:\Users\raiab\Downloads\vivado_projects\project\project.srcs\sources_1\new\urat_rx.v:]
WARNING: [filemgmt 56-199] Attempt to get parsing info during refresh. "On-the-fly" syntax checking information may be incorrect. [C:\Users\raiab\Downloads\vivado_projects\project\project.srcs\sim_1\new\urat_loopback_tb.v:]
WARNING: [filemgmt 56-199] Attempt to get parsing info during refresh. "On-the-fly" syntax checking information may be incorrect. [C:\Users\raiab\Downloads\vivado_projects\project\project.srcs\sources_1\new\urat_tx.v:]
WARNING: [filemgmt 56-199] Attempt to get parsing info during refresh. "On-the-fly" syntax checking information may be incorrect. [C:\Users\raiab\Downloads\vivado_projects\project\project.srcs\sources_1\new\urat_tx.v:]
WARNING: [filemgmt 56-199] Attempt to get parsing info during refresh. "On-the-fly" syntax checking information may be incorrect. [C:\Users\raiab\Downloads\vivado_projects\project\project.srcs\sim_1\new\urat_tb.v:]
WARNING: [filemgmt 56-199] Attempt to get parsing info during refresh. "On-the-fly" syntax checking information may be incorrect. [C:\Users\raiab\Downloads\vivado_projects\project\project.srcs\sources_1\new\urat_tx.v:]
WARNING: [filemgmt 56-199] Attempt to get parsing info during refresh. "On-the-fly" syntax checking information may be incorrect. [C:\Users\raiab\Downloads\vivado_projects\project\project.srcs\sources_1\new\urat_rx.v:]
WARNING: [filemgmt 56-199] Attempt to get parsing info during refresh. "On-the-fly" syntax checking information may be incorrect. [C:\Users\raiab\Downloads\vivado_projects\project\project.srcs\sim_1\new\urat_loopback_tb.v:]
WARNING: [filemgmt 56-199] Attempt to get parsing info during refresh. "On-the-fly" syntax checking information may be incorrect. [C:\Users\raiab\Downloads\vivado_projects\project\project.srcs\sim_1\new\urat_tb.v:]
WARNING: [filemgmt 56-199] Attempt to get parsing info during refresh. "On-the-fly" syntax checking information may be incorrect. [C:\Users\raiab\Downloads\vivado_projects\project\project.srcs\sim_1\new\urat_tb.v:]
WARNING: [filemgmt 56-199] Attempt to get parsing info during refresh. "On-the-fly" syntax checking information may be incorrect. [C:\Users\raiab\Downloads\vivado_projects\project\project.srcs\sim_1\new\urat_tb.v:]
WARNING: [filemgmt 56-199] Attempt to get parsing info during refresh. "On-the-fly" syntax checking information may be incorrect. [C:\Users\raiab\Downloads\vivado_projects\project\project.srcs\sources_1\new\urat_tx.v:]
WARNING: [filemgmt 56-199] Attempt to get parsing info during refresh. "On-the-fly" syntax checking information may be incorrect. [C:\Users\raiab\Downloads\vivado_projects\project\project.srcs\sources_1\new\urat_rx.v:]
WARNING: [filemgmt 56-199] Attempt to get parsing info during refresh. "On-the-fly" syntax checking information may be incorrect. [C:\Users\raiab\Downloads\vivado_projects\project\project.srcs\sim_1\new\urat_loopback_tb.v:]
WARNING: [filemgmt 56-199] Attempt to get parsing info during refresh. "On-the-fly" syntax checking information may be incorrect. [C:\Users\raiab\Downloads\vivado_projects\project\project.srcs\sim_1\new\urat_loopback_tb.v:]
WARNING: [filemgmt 56-199] Attempt to get parsing info during refresh. "On-the-fly" syntax checking information may be incorrect. [C:\Users\raiab\Downloads\vivado_projects\project\project.srcs\sim_1\new\urat_loopback_tb.v:]
close_sim
INFO: [Simtcl 6-16] Simulation closed
WARNING: [filemgmt 56-199] Attempt to get parsing info during refresh. "On-the-fly" syntax checking information may be incorrect. [C:\Users\raiab\Downloads\vivado_projects\project\project.srcs\sim_1\new\urat_tb.v:]
WARNING: [filemgmt 56-199] Attempt to get parsing info during refresh. "On-the-fly" syntax checking information may be incorrect. [C:\Users\raiab\Downloads\vivado_projects\project\project.srcs\sources_1\new\urat_tx.v:]
WARNING: [filemgmt 56-199] Attempt to get parsing info during refresh. "On-the-fly" syntax checking information may be incorrect. [C:\Users\raiab\Downloads\vivado_projects\project\project.srcs\sources_1\new\urat_rx.v:]
WARNING: [filemgmt 56-199] Attempt to get parsing info during refresh. "On-the-fly" syntax checking information may be incorrect. [C:\Users\raiab\Downloads\vivado_projects\project\project.srcs\sim_1\new\urat_loopback_tb.v:]
WARNING: [filemgmt 56-199] Attempt to get parsing info during refresh. "On-the-fly" syntax checking information may be incorrect. [C:\Users\raiab\Downloads\vivado_projects\project\project.srcs\sources_1\new\urat_tx.v:]
WARNING: [filemgmt 56-199] Attempt to get parsing info during refresh. "On-the-fly" syntax checking information may be incorrect. [C:\Users\raiab\Downloads\vivado_projects\project\project.srcs\sources_1\new\urat_tx.v:]
WARNING: [filemgmt 56-199] Attempt to get parsing info during refresh. "On-the-fly" syntax checking information may be incorrect. [C:\Users\raiab\Downloads\vivado_projects\project\project.srcs\sim_1\new\urat_tb.v:]
WARNING: [filemgmt 56-199] Attempt to get parsing info during refresh. "On-the-fly" syntax checking information may be incorrect. [C:\Users\raiab\Downloads\vivado_projects\project\project.srcs\sources_1\new\urat_tx.v:]
WARNING: [filemgmt 56-199] Attempt to get parsing info during refresh. "On-the-fly" syntax checking information may be incorrect. [C:\Users\raiab\Downloads\vivado_projects\project\project.srcs\sources_1\new\urat_rx.v:]
WARNING: [filemgmt 56-199] Attempt to get parsing info during refresh. "On-the-fly" syntax checking information may be incorrect. [C:\Users\raiab\Downloads\vivado_projects\project\project.srcs\sim_1\new\urat_loopback_tb.v:]
WARNING: [filemgmt 56-199] Attempt to get parsing info during refresh. "On-the-fly" syntax checking information may be incorrect. [C:\Users\raiab\Downloads\vivado_projects\project\project.srcs\sources_1\new\urat_rx.v:]
WARNING: [filemgmt 56-199] Attempt to get parsing info during refresh. "On-the-fly" syntax checking information may be incorrect. [C:\Users\raiab\Downloads\vivado_projects\project\project.srcs\sources_1\new\urat_rx.v:]
WARNING: [filemgmt 56-199] Attempt to get parsing info during refresh. "On-the-fly" syntax checking information may be incorrect. [C:\Users\raiab\Downloads\vivado_projects\project\project.srcs\sim_1\new\urat_tb.v:]
WARNING: [filemgmt 56-199] Attempt to get parsing info during refresh. "On-the-fly" syntax checking information may be incorrect. [C:\Users\raiab\Downloads\vivado_projects\project\project.srcs\sources_1\new\urat_tx.v:]
WARNING: [filemgmt 56-199] Attempt to get parsing info during refresh. "On-the-fly" syntax checking information may be incorrect. [C:\Users\raiab\Downloads\vivado_projects\project\project.srcs\sources_1\new\urat_rx.v:]
WARNING: [filemgmt 56-199] Attempt to get parsing info during refresh. "On-the-fly" syntax checking information may be incorrect. [C:\Users\raiab\Downloads\vivado_projects\project\project.srcs\sim_1\new\urat_loopback_tb.v:]
WARNING: [filemgmt 56-199] Attempt to get parsing info during refresh. "On-the-fly" syntax checking information may be incorrect. [C:\Users\raiab\Downloads\vivado_projects\project\project.srcs\sources_1\new\urat_tx.v:]
WARNING: [filemgmt 56-199] Attempt to get parsing info during refresh. "On-the-fly" syntax checking information may be incorrect. [C:\Users\raiab\Downloads\vivado_projects\project\project.srcs\sources_1\new\urat_tx.v:]
WARNING: [filemgmt 56-199] Attempt to get parsing info during refresh. "On-the-fly" syntax checking information may be incorrect. [C:\Users\raiab\Downloads\vivado_projects\project\project.srcs\sim_1\new\urat_tb.v:]
WARNING: [filemgmt 56-199] Attempt to get parsing info during refresh. "On-the-fly" syntax checking information may be incorrect. [C:\Users\raiab\Downloads\vivado_projects\project\project.srcs\sources_1\new\urat_tx.v:]
WARNING: [filemgmt 56-199] Attempt to get parsing info during refresh. "On-the-fly" syntax checking information may be incorrect. [C:\Users\raiab\Downloads\vivado_projects\project\project.srcs\sources_1\new\urat_rx.v:]
WARNING: [filemgmt 56-199] Attempt to get parsing info during refresh. "On-the-fly" syntax checking information may be incorrect. [C:\Users\raiab\Downloads\vivado_projects\project\project.srcs\sim_1\new\urat_loopback_tb.v:]
WARNING: [filemgmt 56-199] Attempt to get parsing info during refresh. "On-the-fly" syntax checking information may be incorrect. [C:\Users\raiab\Downloads\vivado_projects\project\project.srcs\sim_1\new\urat_tb.v:]
WARNING: [filemgmt 56-199] Attempt to get parsing info during refresh. "On-the-fly" syntax checking information may be incorrect. [C:\Users\raiab\Downloads\vivado_projects\project\project.srcs\sim_1\new\urat_tb.v:]
WARNING: [filemgmt 56-199] Attempt to get parsing info during refresh. "On-the-fly" syntax checking information may be incorrect. [C:\Users\raiab\Downloads\vivado_projects\project\project.srcs\sim_1\new\urat_tb.v:]
WARNING: [filemgmt 56-199] Attempt to get parsing info during refresh. "On-the-fly" syntax checking information may be incorrect. [C:\Users\raiab\Downloads\vivado_projects\project\project.srcs\sources_1\new\urat_tx.v:]
WARNING: [filemgmt 56-199] Attempt to get parsing info during refresh. "On-the-fly" syntax checking information may be incorrect. [C:\Users\raiab\Downloads\vivado_projects\project\project.srcs\sources_1\new\urat_rx.v:]
WARNING: [filemgmt 56-199] Attempt to get parsing info during refresh. "On-the-fly" syntax checking information may be incorrect. [C:\Users\raiab\Downloads\vivado_projects\project\project.srcs\sim_1\new\urat_loopback_tb.v:]
WARNING: [filemgmt 56-199] Attempt to get parsing info during refresh. "On-the-fly" syntax checking information may be incorrect. [C:\Users\raiab\Downloads\vivado_projects\project\project.srcs\sim_1\new\urat_loopback_tb.v:]
WARNING: [filemgmt 56-199] Attempt to get parsing info during refresh. "On-the-fly" syntax checking information may be incorrect. [C:\Users\raiab\Downloads\vivado_projects\project\project.srcs\sim_1\new\urat_loopback_tb.v:]
launch_simulation
Command: launch_simulation 
INFO: [Vivado 12-25911] Executing simulation for 'XSim' simulator
INFO: [Vivado 12-28535] Process started - Wed May 13 15:32:28 2026

INFO: [Vivado 12-12493] Simulation top is 'urat_loopback_tb'
INFO: [Vivado 12-5682] Launching behavioral simulation in 'C:/Users/raiab/Downloads/vivado_projects/project/project.sim/sim_1/behav/xsim'
INFO: [SIM-utils-51] Simulation object is 'sim_1'
INFO: [SIM-utils-72] Using boost library from 'C:/AMDDesignTools/.xinstall/2025.2/Vivado/tps/boost_1_72_0'
INFO: [SIM-utils-54] Inspecting design source files for 'urat_loopback_tb' in fileset 'sim_1'...
INFO: [USF-XSim-97] Finding global include files...
INFO: [USF-XSim-98] Fetching design files from 'sim_1'...
INFO: [USF-XSim-2] XSim::Compile design
INFO: [USF-XSim-61] Executing 'COMPILE and ANALYZE' step in 'C:/Users/raiab/Downloads/vivado_projects/project/project.sim/sim_1/behav/xsim'
"xvlog --incr --relax -prj urat_loopback_tb_vlog.prj"
INFO: [VRFC 10-2263] Analyzing Verilog file "C:/Users/raiab/Downloads/vivado_projects/project/project.srcs/sources_1/new/urat_rx.v" into library xil_defaultlib
INFO: [VRFC 10-311] analyzing module urat_rx
INFO: [VRFC 10-2263] Analyzing Verilog file "C:/Users/raiab/Downloads/vivado_projects/project/project.srcs/sources_1/new/urat_tx.v" into library xil_defaultlib
INFO: [VRFC 10-311] analyzing module urat_tx
INFO: [VRFC 10-2263] Analyzing Verilog file "C:/Users/raiab/Downloads/vivado_projects/project/project.srcs/sim_1/new/urat_loopback_tb.v" into library xil_defaultlib
INFO: [VRFC 10-311] analyzing module urat_loopback_tb
INFO: [USF-XSim-69] 'compile' step finished in '2' seconds
INFO: [USF-XSim-3] XSim::Elaborate design
INFO: [USF-XSim-61] Executing 'ELABORATE' step in 'C:/Users/raiab/Downloads/vivado_projects/project/project.sim/sim_1/behav/xsim'
"xelab --incr --debug typical --relax --mt 2 -L xil_defaultlib -L unisims_ver -L unimacro_ver -L secureip --snapshot urat_loopback_tb_behav xil_defaultlib.urat_loopback_tb xil_defaultlib.glbl -log elaborate.log"
Vivado Simulator v2025.2
Copyright 1986-2022 Xilinx, Inc. All Rights Reserved.
Copyright 2022-2025 Advanced Micro Devices, Inc. All Rights Reserved.
Running: C:/AMDDesignTools/.xinstall/2025.2/Vivado/bin/unwrapped/win64.o/xelab.exe --incr --debug typical --relax --mt 2 -L xil_defaultlib -L unisims_ver -L unimacro_ver -L secureip --snapshot urat_loopback_tb_behav xil_defaultlib.urat_loopback_tb xil_defaultlib.glbl -log elaborate.log 
Using 2 slave threads.
Starting static elaboration
Pass Through NonSizing Optimizer
WARNING: [VRFC 10-3091] actual bit length 1 differs from formal bit length 8 for port 'datain' [C:/Users/raiab/Downloads/vivado_projects/project/project.srcs/sim_1/new/urat_loopback_tb.v:30]
Completed static elaboration
Starting simulation data flow analysis
Completed simulation data flow analysis
Time Resolution for simulation is 1ps
Compiling module xil_defaultlib.urat_tx
Compiling module xil_defaultlib.urat_rx
Compiling module xil_defaultlib.urat_loopback_tb
Compiling module xil_defaultlib.glbl
Built simulation snapshot urat_loopback_tb_behav
INFO: [USF-XSim-69] 'elaborate' step finished in '2' seconds
INFO: [USF-XSim-4] XSim::Simulate design
INFO: [USF-XSim-61] Executing 'SIMULATE' step in 'C:/Users/raiab/Downloads/vivado_projects/project/project.sim/sim_1/behav/xsim'
INFO: [USF-XSim-98] *** Running xsim
   with args "urat_loopback_tb_behav -key {Behavioral:sim_1:Functional:urat_loopback_tb} -tclbatch {urat_loopback_tb.tcl} -log {simulate.log}"
INFO: [USF-XSim-8] Loading simulator feature
Time resolution is 1 ps
source urat_loopback_tb.tcl
# set curr_wave [current_wave_config]
# if { [string length $curr_wave] == 0 } {
#   if { [llength [get_objects]] > 0} {
#     add_wave /
#     set_property needs_save false [current_wave_config]
#   } else {
#      send_msg_id Add_Wave-1 WARNING "No top level signals found. Simulator will start without a wave window. If you want to open a wave window go to 'File->New Waveform Configuration' or type 'create_wave_config' in the TCL console."
#   }
# }
# run 3000000ns
INFO: [USF-XSim-96] XSim completed. Design snapshot 'urat_loopback_tb_behav' loaded.
INFO: [USF-XSim-97] XSim simulation ran for 3000000ns
launch_simulation: Time (s): cpu = 00:00:04 ; elapsed = 00:00:09 . Memory (MB): peak = 3381.785 ; gain = 0.000
relaunch_sim
WARNING: [filemgmt 56-199] Attempt to get parsing info during refresh. "On-the-fly" syntax checking information may be incorrect. [C:\Users\raiab\Downloads\vivado_projects\project\project.srcs\sim_1\new\urat_tb.v:]
WARNING: [filemgmt 56-199] Attempt to get parsing info during refresh. "On-the-fly" syntax checking information may be incorrect. [C:\Users\raiab\Downloads\vivado_projects\project\project.srcs\sources_1\new\urat_tx.v:]
WARNING: [filemgmt 56-199] Attempt to get parsing info during refresh. "On-the-fly" syntax checking information may be incorrect. [C:\Users\raiab\Downloads\vivado_projects\project\project.srcs\sources_1\new\urat_rx.v:]
WARNING: [filemgmt 56-199] Attempt to get parsing info during refresh. "On-the-fly" syntax checking information may be incorrect. [C:\Users\raiab\Downloads\vivado_projects\project\project.srcs\sim_1\new\urat_loopback_tb.v:]
WARNING: [filemgmt 56-199] Attempt to get parsing info during refresh. "On-the-fly" syntax checking information may be incorrect. [C:\Users\raiab\Downloads\vivado_projects\project\project.srcs\sources_1\new\urat_tx.v:]
WARNING: [filemgmt 56-199] Attempt to get parsing info during refresh. "On-the-fly" syntax checking information may be incorrect. [C:\Users\raiab\Downloads\vivado_projects\project\project.srcs\sources_1\new\urat_tx.v:]
Command: launch_simulation -step compile -simset sim_1 -mode behavioral
INFO: [Vivado 12-25911] Executing simulation for 'XSim' simulator
INFO: [Vivado 12-28535] Process started - Wed May 13 15:36:12 2026

INFO: [Vivado 12-12493] Simulation top is 'urat_loopback_tb'
ERROR: [Common 17-180] Spawn failed: The operation completed successfully.

WARNING: [filemgmt 56-199] Attempt to get parsing info during refresh. "On-the-fly" syntax checking information may be incorrect. [C:\Users\raiab\Downloads\vivado_projects\project\project.srcs\sim_1\new\urat_tb.v:]
WARNING: [filemgmt 56-199] Attempt to get parsing info during refresh. "On-the-fly" syntax checking information may be incorrect. [C:\Users\raiab\Downloads\vivado_projects\project\project.srcs\sources_1\new\urat_tx.v:]
WARNING: [filemgmt 56-199] Attempt to get parsing info during refresh. "On-the-fly" syntax checking information may be incorrect. [C:\Users\raiab\Downloads\vivado_projects\project\project.srcs\sources_1\new\urat_rx.v:]
WARNING: [filemgmt 56-199] Attempt to get parsing info during refresh. "On-the-fly" syntax checking information may be incorrect. [C:\Users\raiab\Downloads\vivado_projects\project\project.srcs\sim_1\new\urat_loopback_tb.v:]
WARNING: [filemgmt 56-199] Attempt to get parsing info during refresh. "On-the-fly" syntax checking information may be incorrect. [C:\Users\raiab\Downloads\vivado_projects\project\project.srcs\sim_1\new\urat_loopback_tb.v:]
WARNING: [filemgmt 56-199] Attempt to get parsing info during refresh. "On-the-fly" syntax checking information may be incorrect. [C:\Users\raiab\Downloads\vivado_projects\project\project.srcs\sim_1\new\urat_loopback_tb.v:]
INFO: [Vivado 12-5682] Launching behavioral simulation in 'C:/Users/raiab/Downloads/vivado_projects/project/project.sim/sim_1/behav/xsim'
INFO: [SIM-utils-51] Simulation object is 'sim_1'
INFO: [USF-XSim-2] XSim::Compile design
INFO: [USF-XSim-61] Executing 'COMPILE and ANALYZE' step in 'C:/Users/raiab/Downloads/vivado_projects/project/project.sim/sim_1/behav/xsim'
WARNING: [filemgmt 56-199] Attempt to get parsing info during refresh. "On-the-fly" syntax checking information may be incorrect. [C:\Users\raiab\Downloads\vivado_projects\project\project.srcs\sim_1\new\urat_tb.v:]
WARNING: [filemgmt 56-199] Attempt to get parsing info during refresh. "On-the-fly" syntax checking information may be incorrect. [C:\Users\raiab\Downloads\vivado_projects\project\project.srcs\sources_1\new\urat_tx.v:]
WARNING: [filemgmt 56-199] Attempt to get parsing info during refresh. "On-the-fly" syntax checking information may be incorrect. [C:\Users\raiab\Downloads\vivado_projects\project\project.srcs\sources_1\new\urat_rx.v:]
WARNING: [filemgmt 56-199] Attempt to get parsing info during refresh. "On-the-fly" syntax checking information may be incorrect. [C:\Users\raiab\Downloads\vivado_projects\project\project.srcs\sim_1\new\urat_loopback_tb.v:]
WARNING: [filemgmt 56-199] Attempt to get parsing info during refresh. "On-the-fly" syntax checking information may be incorrect. [C:\Users\raiab\Downloads\vivado_projects\project\project.srcs\sim_1\new\urat_tb.v:]
WARNING: [filemgmt 56-199] Attempt to get parsing info during refresh. "On-the-fly" syntax checking information may be incorrect. [C:\Users\raiab\Downloads\vivado_projects\project\project.srcs\sim_1\new\urat_tb.v:]
"xvlog --incr --relax -prj urat_loopback_tb_vlog.prj"
ERROR: [Common 17-180] Spawn failed: The operation completed successfully.

INFO: [VRFC 10-2263] Analyzing Verilog file "C:/Users/raiab/Downloads/vivado_projects/project/project.srcs/sources_1/new/urat_rx.v" into library xil_defaultlib
INFO: [VRFC 10-311] analyzing module urat_rx
INFO: [VRFC 10-2263] Analyzing Verilog file "C:/Users/raiab/Downloads/vivado_projects/project/project.srcs/sources_1/new/urat_tx.v" into library xil_defaultlib
INFO: [VRFC 10-311] analyzing module urat_tx
INFO: [VRFC 10-2263] Analyzing Verilog file "C:/Users/raiab/Downloads/vivado_projects/project/project.srcs/sim_1/new/urat_loopback_tb.v" into library xil_defaultlib
INFO: [VRFC 10-311] analyzing module urat_loopback_tb
INFO: [USF-XSim-69] 'compile' step finished in '2' seconds
ERROR: [USF-XSim-62] 'compile' step failed with error(s) while executing 'C:/Users/raiab/Downloads/vivado_projects/project/project.sim/sim_1/behav/xsim/compile.bat' script. Please check that the file has the correct 'read/write/execute' permissions and the Tcl console output for any other possible errors or warnings.
ERROR: [Vivado 12-4473] Detected error while running simulation. Please correct the issue and retry this operation.
ERROR: [Common 17-39] 'launch_simulation' failed due to earlier errors.
ERROR: [Common 17-69] Command failed: ERROR: [Common 17-39] 'launch_simulation' failed due to earlier errors.

close_sim
INFO: [Simtcl 6-16] Simulation closed
WARNING: [filemgmt 56-199] Attempt to get parsing info during refresh. "On-the-fly" syntax checking information may be incorrect. [C:\Users\raiab\Downloads\vivado_projects\project\project.srcs\sim_1\new\urat_tb.v:]
WARNING: [filemgmt 56-199] Attempt to get parsing info during refresh. "On-the-fly" syntax checking information may be incorrect. [C:\Users\raiab\Downloads\vivado_projects\project\project.srcs\sources_1\new\urat_tx.v:]
WARNING: [filemgmt 56-199] Attempt to get parsing info during refresh. "On-the-fly" syntax checking information may be incorrect. [C:\Users\raiab\Downloads\vivado_projects\project\project.srcs\sources_1\new\urat_rx.v:]
WARNING: [filemgmt 56-199] Attempt to get parsing info during refresh. "On-the-fly" syntax checking information may be incorrect. [C:\Users\raiab\Downloads\vivado_projects\project\project.srcs\sim_1\new\urat_loopback_tb.v:]
WARNING: [filemgmt 56-199] Attempt to get parsing info during refresh. "On-the-fly" syntax checking information may be incorrect. [C:\Users\raiab\Downloads\vivado_projects\project\project.srcs\sources_1\new\urat_tx.v:]
WARNING: [filemgmt 56-199] Attempt to get parsing info during refresh. "On-the-fly" syntax checking information may be incorrect. [C:\Users\raiab\Downloads\vivado_projects\project\project.srcs\sources_1\new\urat_tx.v:]
launch_simulation
WARNING: [filemgmt 56-199] Attempt to get parsing info during refresh. "On-the-fly" syntax checking information may be incorrect. [C:\Users\raiab\Downloads\vivado_projects\project\project.srcs\sim_1\new\urat_tb.v:]
Command: launch_simulation 
WARNING: [filemgmt 56-199] Attempt to get parsing info during refresh. "On-the-fly" syntax checking information may be incorrect. [C:\Users\raiab\Downloads\vivado_projects\project\project.srcs\sources_1\new\urat_tx.v:]
INFO: [Vivado 12-25911] Executing simulation for 'XSim' simulator
WARNING: [filemgmt 56-199] Attempt to get parsing info during refresh. "On-the-fly" syntax checking information may be incorrect. [C:\Users\raiab\Downloads\vivado_projects\project\project.srcs\sources_1\new\urat_rx.v:]
INFO: [Vivado 12-28535] Process started - Wed May 13 15:36:33 2026

WARNING: [filemgmt 56-199] Attempt to get parsing info during refresh. "On-the-fly" syntax checking information may be incorrect. [C:\Users\raiab\Downloads\vivado_projects\project\project.srcs\sim_1\new\urat_loopback_tb.v:]
WARNING: [filemgmt 56-199] Attempt to get parsing info during refresh. "On-the-fly" syntax checking information may be incorrect. [C:\Users\raiab\Downloads\vivado_projects\project\project.srcs\sim_1\new\urat_tb.v:]
WARNING: [filemgmt 56-199] Attempt to get parsing info during refresh. "On-the-fly" syntax checking information may be incorrect. [C:\Users\raiab\Downloads\vivado_projects\project\project.srcs\sim_1\new\urat_tb.v:]
INFO: [Vivado 12-12493] Simulation top is 'urat_loopback_tb'
INFO: [Vivado 12-5682] Launching behavioral simulation in 'C:/Users/raiab/Downloads/vivado_projects/project/project.sim/sim_1/behav/xsim'
INFO: [SIM-utils-51] Simulation object is 'sim_1'
INFO: [SIM-utils-72] Using boost library from 'C:/AMDDesignTools/.xinstall/2025.2/Vivado/tps/boost_1_72_0'
INFO: [SIM-utils-54] Inspecting design source files for 'urat_loopback_tb' in fileset 'sim_1'...
INFO: [USF-XSim-97] Finding global include files...
INFO: [USF-XSim-98] Fetching design files from 'sim_1'...
INFO: [USF-XSim-2] XSim::Compile design
INFO: [USF-XSim-61] Executing 'COMPILE and ANALYZE' step in 'C:/Users/raiab/Downloads/vivado_projects/project/project.sim/sim_1/behav/xsim'
WARNING: [filemgmt 56-199] Attempt to get parsing info during refresh. "On-the-fly" syntax checking information may be incorrect. [C:\Users\raiab\Downloads\vivado_projects\project\project.srcs\sim_1\new\urat_tb.v:]
WARNING: [filemgmt 56-199] Attempt to get parsing info during refresh. "On-the-fly" syntax checking information may be incorrect. [C:\Users\raiab\Downloads\vivado_projects\project\project.srcs\sources_1\new\urat_tx.v:]
WARNING: [filemgmt 56-199] Attempt to get parsing info during refresh. "On-the-fly" syntax checking information may be incorrect. [C:\Users\raiab\Downloads\vivado_projects\project\project.srcs\sources_1\new\urat_rx.v:]
WARNING: [filemgmt 56-199] Attempt to get parsing info during refresh. "On-the-fly" syntax checking information may be incorrect. [C:\Users\raiab\Downloads\vivado_projects\project\project.srcs\sim_1\new\urat_loopback_tb.v:]
WARNING: [filemgmt 56-199] Attempt to get parsing info during refresh. "On-the-fly" syntax checking information may be incorrect. [C:\Users\raiab\Downloads\vivado_projects\project\project.srcs\sim_1\new\urat_loopback_tb.v:]
WARNING: [filemgmt 56-199] Attempt to get parsing info during refresh. "On-the-fly" syntax checking information may be incorrect. [C:\Users\raiab\Downloads\vivado_projects\project\project.srcs\sim_1\new\urat_loopback_tb.v:]
"xvlog --incr --relax -prj urat_loopback_tb_vlog.prj"
ERROR: [Common 17-180] Spawn failed: The operation completed successfully.

INFO: [USF-XSim-69] 'compile' step finished in '1' seconds
ERROR: [USF-XSim-62] 'compile' step failed with error(s) while executing 'C:/Users/raiab/Downloads/vivado_projects/project/project.sim/sim_1/behav/xsim/compile.bat' script. Please check that the file has the correct 'read/write/execute' permissions and the Tcl console output for any other possible errors or warnings.
ERROR: [Vivado 12-4473] Detected error while running simulation. Please correct the issue and retry this operation.
ERROR: [Common 17-39] 'launch_simulation' failed due to earlier errors.
ERROR: [XSIM ...] ... near "something": syntax error
extra characters after close-quote
`timescale 1ns / 1ps
invalid command name "`timescale"
exit
INFO: [Common 17-206] Exiting Vivado at Wed May 13 15:40:44 2026...
